holiday_id,date,day_of_week,month,year,holiday_name,holiday_type,is_holiday,expected_passenger_impact
H0001,2024-01-01,Monday,January,2024,New Year's Day,National Holiday,Yes,0.85
H0002,2024-01-02,Tuesday,January,2024,None,Normal Day,No,1
H0003,2024-01-03,Wednesday,January,2024,None,Normal Day,No,1
H0004,2024-01-04,Thursday,January,2024,None,Normal Day,No,1
H0005,2024-01-05,Friday,January,2024,None,Normal Day,No,1
H0006,2024-01-06,Saturday,January,2024,None,Normal Day,No,1
H0007,2024-01-07,Sunday,January,2024,None,Normal Day,No,1
H0008,2024-01-08,Monday,January,2024,None,Normal Day,No,1
H0009,2024-01-09,Tuesday,January,2024,None,Normal Day,No,1
H0010,2024-01-10,Wednesday,January,2024,None,Normal Day,No,1
H0011,2024-01-11,Thursday,January,2024,None,Normal Day,No,1
H0012,2024-01-12,Friday,January,2024,None,Normal Day,No,1
H0013,2024-01-13,Saturday,January,2024,None,Normal Day,No,1
H0014,2024-01-14,Sunday,January,2024,None,Normal Day,No,1
H0015,2024-01-15,Monday,January,2024,Makara Sankranti,Festival,Yes,1.15
H0016,2024-01-16,Tuesday,January,2024,None,Normal Day,No,1
H0017,2024-01-17,Wednesday,January,2024,None,Normal Day,No,1
H0018,2024-01-18,Thursday,January,2024,None,Normal Day,No,1
H0019,2024-01-19,Friday,January,2024,None,Normal Day,No,1
H0020,2024-01-20,Saturday,January,2024,None,Normal Day,No,1
H0021,2024-01-21,Sunday,January,2024,None,Normal Day,No,1
H0022,2024-01-22,Monday,January,2024,None,Normal Day,No,1
H0023,2024-01-23,Tuesday,January,2024,None,Normal Day,No,1
H0024,2024-01-24,Wednesday,January,2024,None,Normal Day,No,1
H0025,2024-01-25,Thursday,January,2024,None,Normal Day,No,1
H0026,2024-01-26,Friday,January,2024,Republic Day,National Holiday,Yes,0.85
H0027,2024-01-27,Saturday,January,2024,None,Normal Day,No,1
H0028,2024-01-28,Sunday,January,2024,None,Normal Day,No,1
H0029,2024-01-29,Monday,January,2024,None,Normal Day,No,1
H0030,2024-01-30,Tuesday,January,2024,None,Normal Day,No,1
H0031,2024-01-31,Wednesday,January,2024,None,Normal Day,No,1
H0032,2024-02-01,Thursday,February,2024,None,Normal Day,No,1
H0033,2024-02-02,Friday,February,2024,None,Normal Day,No,1
H0034,2024-02-03,Saturday,February,2024,None,Normal Day,No,1
H0035,2024-02-04,Sunday,February,2024,None,Normal Day,No,1
H0036,2024-02-05,Monday,February,2024,None,Normal Day,No,1
H0037,2024-02-06,Tuesday,February,2024,None,Normal Day,No,1
H0038,2024-02-07,Wednesday,February,2024,None,Normal Day,No,1
H0039,2024-02-08,Thursday,February,2024,None,Normal Day,No,1
H0040,2024-02-09,Friday,February,2024,None,Normal Day,No,1
H0041,2024-02-10,Saturday,February,2024,None,Normal Day,No,1
H0042,2024-02-11,Sunday,February,2024,None,Normal Day,No,1
H0043,2024-02-12,Monday,February,2024,None,Normal Day,No,1
H0044,2024-02-13,Tuesday,February,2024,None,Normal Day,No,1
H0045,2024-02-14,Wednesday,February,2024,None,Normal Day,No,1
H0046,2024-02-15,Thursday,February,2024,None,Normal Day,No,1
H0047,2024-02-16,Friday,February,2024,None,Normal Day,No,1
H0048,2024-02-17,Saturday,February,2024,None,Normal Day,No,1
H0049,2024-02-18,Sunday,February,2024,None,Normal Day,No,1
H0050,2024-02-19,Monday,February,2024,None,Normal Day,No,1
H0051,2024-02-20,Tuesday,February,2024,None,Normal Day,No,1
H0052,2024-02-21,Wednesday,February,2024,None,Normal Day,No,1
H0053,2024-02-22,Thursday,February,2024,None,Normal Day,No,1
H0054,2024-02-23,Friday,February,2024,None,Normal Day,No,1
H0055,2024-02-24,Saturday,February,2024,None,Normal Day,No,1
H0056,2024-02-25,Sunday,February,2024,None,Normal Day,No,1
H0057,2024-02-26,Monday,February,2024,None,Normal Day,No,1
H0058,2024-02-27,Tuesday,February,2024,None,Normal Day,No,1
H0059,2024-02-28,Wednesday,February,2024,None,Normal Day,No,1
H0060,2024-02-29,Thursday,February,2024,None,Normal Day,No,1
H0061,2024-03-01,Friday,March,2024,None,Normal Day,No,1
H0062,2024-03-02,Saturday,March,2024,None,Normal Day,No,1
H0063,2024-03-03,Sunday,March,2024,None,Normal Day,No,1
H0064,2024-03-04,Monday,March,2024,None,Normal Day,No,1
H0065,2024-03-05,Tuesday,March,2024,None,Normal Day,No,1
H0066,2024-03-06,Wednesday,March,2024,None,Normal Day,No,1
H0067,2024-03-07,Thursday,March,2024,None,Normal Day,No,1
H0068,2024-03-08,Friday,March,2024,Maha Shivaratri,Religious Holiday,Yes,1.05
H0069,2024-03-09,Saturday,March,2024,None,Normal Day,No,1
H0070,2024-03-10,Sunday,March,2024,None,Normal Day,No,1
H0071,2024-03-11,Monday,March,2024,None,Normal Day,No,1
H0072,2024-03-12,Tuesday,March,2024,None,Normal Day,No,1
H0073,2024-03-13,Wednesday,March,2024,None,Normal Day,No,1
H0074,2024-03-14,Thursday,March,2024,None,Normal Day,No,1
H0075,2024-03-15,Friday,March,2024,None,Normal Day,No,1
H0076,2024-03-16,Saturday,March,2024,None,Normal Day,No,1
H0077,2024-03-17,Sunday,March,2024,None,Normal Day,No,1
H0078,2024-03-18,Monday,March,2024,None,Normal Day,No,1
H0079,2024-03-19,Tuesday,March,2024,None,Normal Day,No,1
H0080,2024-03-20,Wednesday,March,2024,None,Normal Day,No,1
H0081,2024-03-21,Thursday,March,2024,None,Normal Day,No,1
H0082,2024-03-22,Friday,March,2024,None,Normal Day,No,1
H0083,2024-03-23,Saturday,March,2024,None,Normal Day,No,1
H0084,2024-03-24,Sunday,March,2024,None,Normal Day,No,1
H0085,2024-03-25,Monday,March,2024,Holi,Festival,Yes,1.15
H0086,2024-03-26,Tuesday,March,2024,None,Normal Day,No,1
H0087,2024-03-27,Wednesday,March,2024,None,Normal Day,No,1
H0088,2024-03-28,Thursday,March,2024,None,Normal Day,No,1
H0089,2024-03-29,Friday,March,2024,Good Friday,Religious Holiday,Yes,1.05
H0090,2024-03-30,Saturday,March,2024,None,Normal Day,No,1
H0091,2024-03-31,Sunday,March,2024,None,Normal Day,No,1
H0092,2024-04-01,Monday,April,2024,None,Normal Day,No,1
H0093,2024-04-02,Tuesday,April,2024,None,Normal Day,No,1
H0094,2024-04-03,Wednesday,April,2024,None,Normal Day,No,1
H0095,2024-04-04,Thursday,April,2024,None,Normal Day,No,1
H0096,2024-04-05,Friday,April,2024,None,Normal Day,No,1
H0097,2024-04-06,Saturday,April,2024,None,Normal Day,No,1
H0098,2024-04-07,Sunday,April,2024,None,Normal Day,No,1
H0099,2024-04-08,Monday,April,2024,None,Normal Day,No,1
H0100,2024-04-09,Tuesday,April,2024,Ugadi,Festival,Yes,1.15
H0101,2024-04-10,Wednesday,April,2024,None,Normal Day,No,1
H0102,2024-04-11,Thursday,April,2024,Eid-ul-Fitr,Religious Holiday,Yes,1.05
H0103,2024-04-12,Friday,April,2024,None,Normal Day,No,1
H0104,2024-04-13,Saturday,April,2024,None,Normal Day,No,1
H0105,2024-04-14,Sunday,April,2024,Dr. Ambedkar Jayanti,National Holiday,Yes,0.85
H0106,2024-04-15,Monday,April,2024,None,Normal Day,No,1
H0107,2024-04-16,Tuesday,April,2024,None,Normal Day,No,1
H0108,2024-04-17,Wednesday,April,2024,None,Normal Day,No,1
H0109,2024-04-18,Thursday,April,2024,None,Normal Day,No,1
H0110,2024-04-19,Friday,April,2024,None,Normal Day,No,1
H0111,2024-04-20,Saturday,April,2024,None,Normal Day,No,1
H0112,2024-04-21,Sunday,April,2024,None,Normal Day,No,1
H0113,2024-04-22,Monday,April,2024,None,Normal Day,No,1
H0114,2024-04-23,Tuesday,April,2024,None,Normal Day,No,1
H0115,2024-04-24,Wednesday,April,2024,None,Normal Day,No,1
H0116,2024-04-25,Thursday,April,2024,None,Normal Day,No,1
H0117,2024-04-26,Friday,April,2024,None,Normal Day,No,1
H0118,2024-04-27,Saturday,April,2024,None,Normal Day,No,1
H0119,2024-04-28,Sunday,April,2024,None,Normal Day,No,1
H0120,2024-04-29,Monday,April,2024,None,Normal Day,No,1
H0121,2024-04-30,Tuesday,April,2024,None,Normal Day,No,1
H0122,2024-05-01,Wednesday,May,2024,Labour Day,National Holiday,Yes,0.85
H0123,2024-05-02,Thursday,May,2024,None,Normal Day,No,1
H0124,2024-05-03,Friday,May,2024,None,Normal Day,No,1
H0125,2024-05-04,Saturday,May,2024,None,Normal Day,No,1
H0126,2024-05-05,Sunday,May,2024,None,Normal Day,No,1
H0127,2024-05-06,Monday,May,2024,None,Normal Day,No,1
H0128,2024-05-07,Tuesday,May,2024,None,Normal Day,No,1
H0129,2024-05-08,Wednesday,May,2024,None,Normal Day,No,1
H0130,2024-05-09,Thursday,May,2024,None,Normal Day,No,1
H0131,2024-05-10,Friday,May,2024,None,Normal Day,No,1
H0132,2024-05-11,Saturday,May,2024,None,Normal Day,No,1
H0133,2024-05-12,Sunday,May,2024,None,Normal Day,No,1
H0134,2024-05-13,Monday,May,2024,None,Normal Day,No,1
H0135,2024-05-14,Tuesday,May,2024,None,Normal Day,No,1
H0136,2024-05-15,Wednesday,May,2024,None,Normal Day,No,1
H0137,2024-05-16,Thursday,May,2024,None,Normal Day,No,1
H0138,2024-05-17,Friday,May,2024,None,Normal Day,No,1
H0139,2024-05-18,Saturday,May,2024,None,Normal Day,No,1
H0140,2024-05-19,Sunday,May,2024,None,Normal Day,No,1
H0141,2024-05-20,Monday,May,2024,None,Normal Day,No,1
H0142,2024-05-21,Tuesday,May,2024,None,Normal Day,No,1
H0143,2024-05-22,Wednesday,May,2024,None,Normal Day,No,1
H0144,2024-05-23,Thursday,May,2024,None,Normal Day,No,1
H0145,2024-05-24,Friday,May,2024,None,Normal Day,No,1
H0146,2024-05-25,Saturday,May,2024,None,Normal Day,No,1
H0147,2024-05-26,Sunday,May,2024,None,Normal Day,No,1
H0148,2024-05-27,Monday,May,2024,None,Normal Day,No,1
H0149,2024-05-28,Tuesday,May,2024,None,Normal Day,No,1
H0150,2024-05-29,Wednesday,May,2024,None,Normal Day,No,1
H0151,2024-05-30,Thursday,May,2024,None,Normal Day,No,1
H0152,2024-05-31,Friday,May,2024,None,Normal Day,No,1
H0153,2024-06-01,Saturday,June,2024,None,Normal Day,No,1
H0154,2024-06-02,Sunday,June,2024,None,Normal Day,No,1
H0155,2024-06-03,Monday,June,2024,None,Normal Day,No,1
H0156,2024-06-04,Tuesday,June,2024,None,Normal Day,No,1
H0157,2024-06-05,Wednesday,June,2024,None,Normal Day,No,1
H0158,2024-06-06,Thursday,June,2024,None,Normal Day,No,1
H0159,2024-06-07,Friday,June,2024,None,Normal Day,No,1
H0160,2024-06-08,Saturday,June,2024,None,Normal Day,No,1
H0161,2024-06-09,Sunday,June,2024,None,Normal Day,No,1
H0162,2024-06-10,Monday,June,2024,None,Normal Day,No,1
H0163,2024-06-11,Tuesday,June,2024,None,Normal Day,No,1
H0164,2024-06-12,Wednesday,June,2024,None,Normal Day,No,1
H0165,2024-06-13,Thursday,June,2024,None,Normal Day,No,1
H0166,2024-06-14,Friday,June,2024,None,Normal Day,No,1
H0167,2024-06-15,Saturday,June,2024,None,Normal Day,No,1
H0168,2024-06-16,Sunday,June,2024,None,Normal Day,No,1
H0169,2024-06-17,Monday,June,2024,Bakrid (Eid al-Adha),Religious Holiday,Yes,1.05
H0170,2024-06-18,Tuesday,June,2024,None,Normal Day,No,1
H0171,2024-06-19,Wednesday,June,2024,None,Normal Day,No,1
H0172,2024-06-20,Thursday,June,2024,None,Normal Day,No,1
H0173,2024-06-21,Friday,June,2024,None,Normal Day,No,1
H0174,2024-06-22,Saturday,June,2024,None,Normal Day,No,1
H0175,2024-06-23,Sunday,June,2024,None,Normal Day,No,1
H0176,2024-06-24,Monday,June,2024,None,Normal Day,No,1
H0177,2024-06-25,Tuesday,June,2024,None,Normal Day,No,1
H0178,2024-06-26,Wednesday,June,2024,None,Normal Day,No,1
H0179,2024-06-27,Thursday,June,2024,None,Normal Day,No,1
H0180,2024-06-28,Friday,June,2024,None,Normal Day,No,1
H0181,2024-06-29,Saturday,June,2024,None,Normal Day,No,1
H0182,2024-06-30,Sunday,June,2024,None,Normal Day,No,1
H0183,2024-07-01,Monday,July,2024,None,Normal Day,No,1
H0184,2024-07-02,Tuesday,July,2024,None,Normal Day,No,1
H0185,2024-07-03,Wednesday,July,2024,None,Normal Day,No,1
H0186,2024-07-04,Thursday,July,2024,None,Normal Day,No,1
H0187,2024-07-05,Friday,July,2024,None,Normal Day,No,1
H0188,2024-07-06,Saturday,July,2024,None,Normal Day,No,1
H0189,2024-07-07,Sunday,July,2024,None,Normal Day,No,1
H0190,2024-07-08,Monday,July,2024,None,Normal Day,No,1
H0191,2024-07-09,Tuesday,July,2024,None,Normal Day,No,1
H0192,2024-07-10,Wednesday,July,2024,None,Normal Day,No,1
H0193,2024-07-11,Thursday,July,2024,None,Normal Day,No,1
H0194,2024-07-12,Friday,July,2024,None,Normal Day,No,1
H0195,2024-07-13,Saturday,July,2024,None,Normal Day,No,1
H0196,2024-07-14,Sunday,July,2024,None,Normal Day,No,1
H0197,2024-07-15,Monday,July,2024,None,Normal Day,No,1
H0198,2024-07-16,Tuesday,July,2024,None,Normal Day,No,1
H0199,2024-07-17,Wednesday,July,2024,None,Normal Day,No,1
H0200,2024-07-18,Thursday,July,2024,None,Normal Day,No,1
H0201,2024-07-19,Friday,July,2024,None,Normal Day,No,1
H0202,2024-07-20,Saturday,July,2024,None,Normal Day,No,1
H0203,2024-07-21,Sunday,July,2024,None,Normal Day,No,1
H0204,2024-07-22,Monday,July,2024,None,Normal Day,No,1
H0205,2024-07-23,Tuesday,July,2024,None,Normal Day,No,1
H0206,2024-07-24,Wednesday,July,2024,None,Normal Day,No,1
H0207,2024-07-25,Thursday,July,2024,None,Normal Day,No,1
H0208,2024-07-26,Friday,July,2024,None,Normal Day,No,1
H0209,2024-07-27,Saturday,July,2024,None,Normal Day,No,1
H0210,2024-07-28,Sunday,July,2024,None,Normal Day,No,1
H0211,2024-07-29,Monday,July,2024,None,Normal Day,No,1
H0212,2024-07-30,Tuesday,July,2024,None,Normal Day,No,1
H0213,2024-07-31,Wednesday,July,2024,None,Normal Day,No,1
H0214,2024-08-01,Thursday,August,2024,None,Normal Day,No,1
H0215,2024-08-02,Friday,August,2024,None,Normal Day,No,1
H0216,2024-08-03,Saturday,August,2024,None,Normal Day,No,1
H0217,2024-08-04,Sunday,August,2024,None,Normal Day,No,1
H0218,2024-08-05,Monday,August,2024,None,Normal Day,No,1
H0219,2024-08-06,Tuesday,August,2024,None,Normal Day,No,1
H0220,2024-08-07,Wednesday,August,2024,None,Normal Day,No,1
H0221,2024-08-08,Thursday,August,2024,None,Normal Day,No,1
H0222,2024-08-09,Friday,August,2024,None,Normal Day,No,1
H0223,2024-08-10,Saturday,August,2024,None,Normal Day,No,1
H0224,2024-08-11,Sunday,August,2024,None,Normal Day,No,1
H0225,2024-08-12,Monday,August,2024,None,Normal Day,No,1
H0226,2024-08-13,Tuesday,August,2024,None,Normal Day,No,1
H0227,2024-08-14,Wednesday,August,2024,None,Normal Day,No,1
H0228,2024-08-15,Thursday,August,2024,Independence Day,National Holiday,Yes,0.85
H0229,2024-08-16,Friday,August,2024,None,Normal Day,No,1
H0230,2024-08-17,Saturday,August,2024,None,Normal Day,No,1
H0231,2024-08-18,Sunday,August,2024,None,Normal Day,No,1
H0232,2024-08-19,Monday,August,2024,None,Normal Day,No,1
H0233,2024-08-20,Tuesday,August,2024,None,Normal Day,No,1
H0234,2024-08-21,Wednesday,August,2024,None,Normal Day,No,1
H0235,2024-08-22,Thursday,August,2024,None,Normal Day,No,1
H0236,2024-08-23,Friday,August,2024,None,Normal Day,No,1
H0237,2024-08-24,Saturday,August,2024,None,Normal Day,No,1
H0238,2024-08-25,Sunday,August,2024,None,Normal Day,No,1
H0239,2024-08-26,Monday,August,2024,None,Normal Day,No,1
H0240,2024-08-27,Tuesday,August,2024,None,Normal Day,No,1
H0241,2024-08-28,Wednesday,August,2024,None,Normal Day,No,1
H0242,2024-08-29,Thursday,August,2024,None,Normal Day,No,1
H0243,2024-08-30,Friday,August,2024,None,Normal Day,No,1
H0244,2024-08-31,Saturday,August,2024,None,Normal Day,No,1
H0245,2024-09-01,Sunday,September,2024,None,Normal Day,No,1
H0246,2024-09-02,Monday,September,2024,None,Normal Day,No,1
H0247,2024-09-03,Tuesday,September,2024,None,Normal Day,No,1
H0248,2024-09-04,Wednesday,September,2024,None,Normal Day,No,1
H0249,2024-09-05,Thursday,September,2024,None,Normal Day,No,1
H0250,2024-09-06,Friday,September,2024,None,Normal Day,No,1
H0251,2024-09-07,Saturday,September,2024,Ganesh Chaturthi,Festival,Yes,1.15
H0252,2024-09-08,Sunday,September,2024,None,Normal Day,No,1
H0253,2024-09-09,Monday,September,2024,None,Normal Day,No,1
H0254,2024-09-10,Tuesday,September,2024,None,Normal Day,No,1
H0255,2024-09-11,Wednesday,September,2024,None,Normal Day,No,1
H0256,2024-09-12,Thursday,September,2024,None,Normal Day,No,1
H0257,2024-09-13,Friday,September,2024,None,Normal Day,No,1
H0258,2024-09-14,Saturday,September,2024,None,Normal Day,No,1
H0259,2024-09-15,Sunday,September,2024,None,Normal Day,No,1
H0260,2024-09-16,Monday,September,2024,None,Normal Day,No,1
H0261,2024-09-17,Tuesday,September,2024,None,Normal Day,No,1
H0262,2024-09-18,Wednesday,September,2024,None,Normal Day,No,1
H0263,2024-09-19,Thursday,September,2024,None,Normal Day,No,1
H0264,2024-09-20,Friday,September,2024,None,Normal Day,No,1
H0265,2024-09-21,Saturday,September,2024,None,Normal Day,No,1
H0266,2024-09-22,Sunday,September,2024,None,Normal Day,No,1
H0267,2024-09-23,Monday,September,2024,None,Normal Day,No,1
H0268,2024-09-24,Tuesday,September,2024,None,Normal Day,No,1
H0269,2024-09-25,Wednesday,September,2024,None,Normal Day,No,1
H0270,2024-09-26,Thursday,September,2024,None,Normal Day,No,1
H0271,2024-09-27,Friday,September,2024,None,Normal Day,No,1
H0272,2024-09-28,Saturday,September,2024,None,Normal Day,No,1
H0273,2024-09-29,Sunday,September,2024,None,Normal Day,No,1
H0274,2024-09-30,Monday,September,2024,None,Normal Day,No,1
H0275,2024-10-01,Tuesday,October,2024,None,Normal Day,No,1
H0276,2024-10-02,Wednesday,October,2024,Gandhi Jayanti,National Holiday,Yes,0.85
H0277,2024-10-03,Thursday,October,2024,None,Normal Day,No,1
H0278,2024-10-04,Friday,October,2024,None,Normal Day,No,1
H0279,2024-10-05,Saturday,October,2024,None,Normal Day,No,1
H0280,2024-10-06,Sunday,October,2024,None,Normal Day,No,1
H0281,2024-10-07,Monday,October,2024,None,Normal Day,No,1
H0282,2024-10-08,Tuesday,October,2024,None,Normal Day,No,1
H0283,2024-10-09,Wednesday,October,2024,None,Normal Day,No,1
H0284,2024-10-10,Thursday,October,2024,None,Normal Day,No,1
H0285,2024-10-11,Friday,October,2024,Ayudha Puja,Festival,Yes,1.15
H0286,2024-10-12,Saturday,October,2024,Vijaya Dashami,Festival,Yes,1.15
H0287,2024-10-13,Sunday,October,2024,None,Normal Day,No,1
H0288,2024-10-14,Monday,October,2024,None,Normal Day,No,1
H0289,2024-10-15,Tuesday,October,2024,None,Normal Day,No,1
H0290,2024-10-16,Wednesday,October,2024,None,Normal Day,No,1
H0291,2024-10-17,Thursday,October,2024,None,Normal Day,No,1
H0292,2024-10-18,Friday,October,2024,None,Normal Day,No,1
H0293,2024-10-19,Saturday,October,2024,None,Normal Day,No,1
H0294,2024-10-20,Sunday,October,2024,None,Normal Day,No,1
H0295,2024-10-21,Monday,October,2024,None,Normal Day,No,1
H0296,2024-10-22,Tuesday,October,2024,None,Normal Day,No,1
H0297,2024-10-23,Wednesday,October,2024,None,Normal Day,No,1
H0298,2024-10-24,Thursday,October,2024,None,Normal Day,No,1
H0299,2024-10-25,Friday,October,2024,None,Normal Day,No,1
H0300,2024-10-26,Saturday,October,2024,None,Normal Day,No,1
H0301,2024-10-27,Sunday,October,2024,None,Normal Day,No,1
H0302,2024-10-28,Monday,October,2024,None,Normal Day,No,1
H0303,2024-10-29,Tuesday,October,2024,None,Normal Day,No,1
H0304,2024-10-30,Wednesday,October,2024,None,Normal Day,No,1
H0305,2024-10-31,Thursday,October,2024,Deepavali,Festival,Yes,1.15
H0306,2024-11-01,Friday,November,2024,None,Normal Day,No,1
H0307,2024-11-02,Saturday,November,2024,None,Normal Day,No,1
H0308,2024-11-03,Sunday,November,2024,None,Normal Day,No,1
H0309,2024-11-04,Monday,November,2024,None,Normal Day,No,1
H0310,2024-11-05,Tuesday,November,2024,None,Normal Day,No,1
H0311,2024-11-06,Wednesday,November,2024,None,Normal Day,No,1
H0312,2024-11-07,Thursday,November,2024,None,Normal Day,No,1
H0313,2024-11-08,Friday,November,2024,None,Normal Day,No,1
H0314,2024-11-09,Saturday,November,2024,None,Normal Day,No,1
H0315,2024-11-10,Sunday,November,2024,None,Normal Day,No,1
H0316,2024-11-11,Monday,November,2024,None,Normal Day,No,1
H0317,2024-11-12,Tuesday,November,2024,None,Normal Day,No,1
H0318,2024-11-13,Wednesday,November,2024,None,Normal Day,No,1
H0319,2024-11-14,Thursday,November,2024,None,Normal Day,No,1
H0320,2024-11-15,Friday,November,2024,None,Normal Day,No,1
H0321,2024-11-16,Saturday,November,2024,None,Normal Day,No,1
H0322,2024-11-17,Sunday,November,2024,None,Normal Day,No,1
H0323,2024-11-18,Monday,November,2024,None,Normal Day,No,1
H0324,2024-11-19,Tuesday,November,2024,None,Normal Day,No,1
H0325,2024-11-20,Wednesday,November,2024,None,Normal Day,No,1
H0326,2024-11-21,Thursday,November,2024,None,Normal Day,No,1
H0327,2024-11-22,Friday,November,2024,None,Normal Day,No,1
H0328,2024-11-23,Saturday,November,2024,None,Normal Day,No,1
H0329,2024-11-24,Sunday,November,2024,None,Normal Day,No,1
H0330,2024-11-25,Monday,November,2024,None,Normal Day,No,1
H0331,2024-11-26,Tuesday,November,2024,None,Normal Day,No,1
H0332,2024-11-27,Wednesday,November,2024,None,Normal Day,No,1
H0333,2024-11-28,Thursday,November,2024,None,Normal Day,No,1
H0334,2024-11-29,Friday,November,2024,None,Normal Day,No,1
H0335,2024-11-30,Saturday,November,2024,None,Normal Day,No,1
H0336,2024-12-01,Sunday,December,2024,None,Normal Day,No,1
H0337,2024-12-02,Monday,December,2024,None,Normal Day,No,1
H0338,2024-12-03,Tuesday,December,2024,None,Normal Day,No,1
H0339,2024-12-04,Wednesday,December,2024,None,Normal Day,No,1
H0340,2024-12-05,Thursday,December,2024,None,Normal Day,No,1
H0341,2024-12-06,Friday,December,2024,None,Normal Day,No,1
H0342,2024-12-07,Saturday,December,2024,None,Normal Day,No,1
H0343,2024-12-08,Sunday,December,2024,None,Normal Day,No,1
H0344,2024-12-09,Monday,December,2024,None,Normal Day,No,1
H0345,2024-12-10,Tuesday,December,2024,None,Normal Day,No,1
H0346,2024-12-11,Wednesday,December,2024,None,Normal Day,No,1
H0347,2024-12-12,Thursday,December,2024,None,Normal Day,No,1
H0348,2024-12-13,Friday,December,2024,None,Normal Day,No,1
H0349,2024-12-14,Saturday,December,2024,None,Normal Day,No,1
H0350,2024-12-15,Sunday,December,2024,None,Normal Day,No,1
H0351,2024-12-16,Monday,December,2024,None,Normal Day,No,1
H0352,2024-12-17,Tuesday,December,2024,None,Normal Day,No,1
H0353,2024-12-18,Wednesday,December,2024,None,Normal Day,No,1
H0354,2024-12-19,Thursday,December,2024,None,Normal Day,No,1
H0355,2024-12-20,Friday,December,2024,None,Normal Day,No,1
H0356,2024-12-21,Saturday,December,2024,None,Normal Day,No,1
H0357,2024-12-22,Sunday,December,2024,None,Normal Day,No,1
H0358,2024-12-23,Monday,December,2024,None,Normal Day,No,1
H0359,2024-12-24,Tuesday,December,2024,None,Normal Day,No,1
H0360,2024-12-25,Wednesday,December,2024,Christmas,Festival,Yes,1.15
H0361,2024-12-26,Thursday,December,2024,None,Normal Day,No,1
H0362,2024-12-27,Friday,December,2024,None,Normal Day,No,1
H0363,2024-12-28,Saturday,December,2024,None,Normal Day,No,1
H0364,2024-12-29,Sunday,December,2024,None,Normal Day,No,1
H0365,2024-12-30,Monday,December,2024,None,Normal Day,No,1
H0366,2024-12-31,Tuesday,December,2024,None,Normal Day,No,1
H0367,2025-01-01,Wednesday,January,2025,New Year's Day,National Holiday,Yes,0.85
H0368,2025-01-02,Thursday,January,2025,None,Normal Day,No,1
H0369,2025-01-03,Friday,January,2025,None,Normal Day,No,1
H0370,2025-01-04,Saturday,January,2025,None,Normal Day,No,1
H0371,2025-01-05,Sunday,January,2025,None,Normal Day,No,1
H0372,2025-01-06,Monday,January,2025,None,Normal Day,No,1
H0373,2025-01-07,Tuesday,January,2025,None,Normal Day,No,1
H0374,2025-01-08,Wednesday,January,2025,None,Normal Day,No,1
H0375,2025-01-09,Thursday,January,2025,None,Normal Day,No,1
H0376,2025-01-10,Friday,January,2025,None,Normal Day,No,1
H0377,2025-01-11,Saturday,January,2025,None,Normal Day,No,1
H0378,2025-01-12,Sunday,January,2025,None,Normal Day,No,1
H0379,2025-01-13,Monday,January,2025,None,Normal Day,No,1
H0380,2025-01-14,Tuesday,January,2025,Makara Sankranti,Festival,Yes,1.15
H0381,2025-01-15,Wednesday,January,2025,None,Normal Day,No,1
H0382,2025-01-16,Thursday,January,2025,None,Normal Day,No,1
H0383,2025-01-17,Friday,January,2025,None,Normal Day,No,1
H0384,2025-01-18,Saturday,January,2025,None,Normal Day,No,1
H0385,2025-01-19,Sunday,January,2025,None,Normal Day,No,1
H0386,2025-01-20,Monday,January,2025,None,Normal Day,No,1
H0387,2025-01-21,Tuesday,January,2025,None,Normal Day,No,1
H0388,2025-01-22,Wednesday,January,2025,None,Normal Day,No,1
H0389,2025-01-23,Thursday,January,2025,None,Normal Day,No,1
H0390,2025-01-24,Friday,January,2025,None,Normal Day,No,1
H0391,2025-01-25,Saturday,January,2025,None,Normal Day,No,1
H0392,2025-01-26,Sunday,January,2025,Republic Day,National Holiday,Yes,0.85
H0393,2025-01-27,Monday,January,2025,None,Normal Day,No,1
H0394,2025-01-28,Tuesday,January,2025,None,Normal Day,No,1
H0395,2025-01-29,Wednesday,January,2025,None,Normal Day,No,1
H0396,2025-01-30,Thursday,January,2025,None,Normal Day,No,1
H0397,2025-01-31,Friday,January,2025,None,Normal Day,No,1
H0398,2025-02-01,Saturday,February,2025,None,Normal Day,No,1
H0399,2025-02-02,Sunday,February,2025,None,Normal Day,No,1
H0400,2025-02-03,Monday,February,2025,None,Normal Day,No,1
H0401,2025-02-04,Tuesday,February,2025,None,Normal Day,No,1
H0402,2025-02-05,Wednesday,February,2025,None,Normal Day,No,1
H0403,2025-02-06,Thursday,February,2025,None,Normal Day,No,1
H0404,2025-02-07,Friday,February,2025,None,Normal Day,No,1
H0405,2025-02-08,Saturday,February,2025,None,Normal Day,No,1
H0406,2025-02-09,Sunday,February,2025,None,Normal Day,No,1
H0407,2025-02-10,Monday,February,2025,None,Normal Day,No,1
H0408,2025-02-11,Tuesday,February,2025,None,Normal Day,No,1
H0409,2025-02-12,Wednesday,February,2025,None,Normal Day,No,1
H0410,2025-02-13,Thursday,February,2025,None,Normal Day,No,1
H0411,2025-02-14,Friday,February,2025,None,Normal Day,No,1
H0412,2025-02-15,Saturday,February,2025,None,Normal Day,No,1
H0413,2025-02-16,Sunday,February,2025,None,Normal Day,No,1
H0414,2025-02-17,Monday,February,2025,None,Normal Day,No,1
H0415,2025-02-18,Tuesday,February,2025,None,Normal Day,No,1
H0416,2025-02-19,Wednesday,February,2025,None,Normal Day,No,1
H0417,2025-02-20,Thursday,February,2025,None,Normal Day,No,1
H0418,2025-02-21,Friday,February,2025,None,Normal Day,No,1
H0419,2025-02-22,Saturday,February,2025,None,Normal Day,No,1
H0420,2025-02-23,Sunday,February,2025,None,Normal Day,No,1
H0421,2025-02-24,Monday,February,2025,None,Normal Day,No,1
H0422,2025-02-25,Tuesday,February,2025,None,Normal Day,No,1
H0423,2025-02-26,Wednesday,February,2025,Maha Shivaratri,Religious Holiday,Yes,1.05
H0424,2025-02-27,Thursday,February,2025,None,Normal Day,No,1
H0425,2025-02-28,Friday,February,2025,None,Normal Day,No,1
H0426,2025-03-01,Saturday,March,2025,None,Normal Day,No,1
H0427,2025-03-02,Sunday,March,2025,None,Normal Day,No,1
H0428,2025-03-03,Monday,March,2025,None,Normal Day,No,1
H0429,2025-03-04,Tuesday,March,2025,None,Normal Day,No,1
H0430,2025-03-05,Wednesday,March,2025,None,Normal Day,No,1
H0431,2025-03-06,Thursday,March,2025,None,Normal Day,No,1
H0432,2025-03-07,Friday,March,2025,None,Normal Day,No,1
H0433,2025-03-08,Saturday,March,2025,None,Normal Day,No,1
H0434,2025-03-09,Sunday,March,2025,None,Normal Day,No,1
H0435,2025-03-10,Monday,March,2025,None,Normal Day,No,1
H0436,2025-03-11,Tuesday,March,2025,None,Normal Day,No,1
H0437,2025-03-12,Wednesday,March,2025,None,Normal Day,No,1
H0438,2025-03-13,Thursday,March,2025,None,Normal Day,No,1
H0439,2025-03-14,Friday,March,2025,Holi,Festival,Yes,1.15
H0440,2025-03-15,Saturday,March,2025,None,Normal Day,No,1
H0441,2025-03-16,Sunday,March,2025,None,Normal Day,No,1
H0442,2025-03-17,Monday,March,2025,None,Normal Day,No,1
H0443,2025-03-18,Tuesday,March,2025,None,Normal Day,No,1
H0444,2025-03-19,Wednesday,March,2025,None,Normal Day,No,1
H0445,2025-03-20,Thursday,March,2025,None,Normal Day,No,1
H0446,2025-03-21,Friday,March,2025,None,Normal Day,No,1
H0447,2025-03-22,Saturday,March,2025,None,Normal Day,No,1
H0448,2025-03-23,Sunday,March,2025,None,Normal Day,No,1
H0449,2025-03-24,Monday,March,2025,None,Normal Day,No,1
H0450,2025-03-25,Tuesday,March,2025,None,Normal Day,No,1
H0451,2025-03-26,Wednesday,March,2025,None,Normal Day,No,1
H0452,2025-03-27,Thursday,March,2025,None,Normal Day,No,1
H0453,2025-03-28,Friday,March,2025,None,Normal Day,No,1
H0454,2025-03-29,Saturday,March,2025,None,Normal Day,No,1
H0455,2025-03-30,Sunday,March,2025,Ugadi,Festival,Yes,1.15
H0456,2025-03-31,Monday,March,2025,Eid-ul-Fitr,Religious Holiday,Yes,1.05
H0457,2025-04-01,Tuesday,April,2025,None,Normal Day,No,1
H0458,2025-04-02,Wednesday,April,2025,None,Normal Day,No,1
H0459,2025-04-03,Thursday,April,2025,None,Normal Day,No,1
H0460,2025-04-04,Friday,April,2025,None,Normal Day,No,1
H0461,2025-04-05,Saturday,April,2025,None,Normal Day,No,1
H0462,2025-04-06,Sunday,April,2025,None,Normal Day,No,1
H0463,2025-04-07,Monday,April,2025,None,Normal Day,No,1
H0464,2025-04-08,Tuesday,April,2025,None,Normal Day,No,1
H0465,2025-04-09,Wednesday,April,2025,None,Normal Day,No,1
H0466,2025-04-10,Thursday,April,2025,None,Normal Day,No,1
H0467,2025-04-11,Friday,April,2025,None,Normal Day,No,1
H0468,2025-04-12,Saturday,April,2025,None,Normal Day,No,1
H0469,2025-04-13,Sunday,April,2025,None,Normal Day,No,1
H0470,2025-04-14,Monday,April,2025,Dr. Ambedkar Jayanti,National Holiday,Yes,0.85
H0471,2025-04-15,Tuesday,April,2025,None,Normal Day,No,1
H0472,2025-04-16,Wednesday,April,2025,None,Normal Day,No,1
H0473,2025-04-17,Thursday,April,2025,None,Normal Day,No,1
H0474,2025-04-18,Friday,April,2025,Good Friday,Religious Holiday,Yes,1.05
H0475,2025-04-19,Saturday,April,2025,None,Normal Day,No,1
H0476,2025-04-20,Sunday,April,2025,None,Normal Day,No,1
H0477,2025-04-21,Monday,April,2025,None,Normal Day,No,1
H0478,2025-04-22,Tuesday,April,2025,None,Normal Day,No,1
H0479,2025-04-23,Wednesday,April,2025,None,Normal Day,No,1
H0480,2025-04-24,Thursday,April,2025,None,Normal Day,No,1
H0481,2025-04-25,Friday,April,2025,None,Normal Day,No,1
H0482,2025-04-26,Saturday,April,2025,None,Normal Day,No,1
H0483,2025-04-27,Sunday,April,2025,None,Normal Day,No,1
H0484,2025-04-28,Monday,April,2025,None,Normal Day,No,1
H0485,2025-04-29,Tuesday,April,2025,None,Normal Day,No,1
H0486,2025-04-30,Wednesday,April,2025,None,Normal Day,No,1
H0487,2025-05-01,Thursday,May,2025,Labour Day,National Holiday,Yes,0.85
H0488,2025-05-02,Friday,May,2025,None,Normal Day,No,1
H0489,2025-05-03,Saturday,May,2025,None,Normal Day,No,1
H0490,2025-05-04,Sunday,May,2025,None,Normal Day,No,1
H0491,2025-05-05,Monday,May,2025,None,Normal Day,No,1
H0492,2025-05-06,Tuesday,May,2025,None,Normal Day,No,1
H0493,2025-05-07,Wednesday,May,2025,None,Normal Day,No,1
H0494,2025-05-08,Thursday,May,2025,None,Normal Day,No,1
H0495,2025-05-09,Friday,May,2025,None,Normal Day,No,1
H0496,2025-05-10,Saturday,May,2025,None,Normal Day,No,1
H0497,2025-05-11,Sunday,May,2025,None,Normal Day,No,1
H0498,2025-05-12,Monday,May,2025,None,Normal Day,No,1
H0499,2025-05-13,Tuesday,May,2025,None,Normal Day,No,1
H0500,2025-05-14,Wednesday,May,2025,None,Normal Day,No,1
H0501,2025-05-15,Thursday,May,2025,None,Normal Day,No,1
H0502,2025-05-16,Friday,May,2025,None,Normal Day,No,1
H0503,2025-05-17,Saturday,May,2025,None,Normal Day,No,1
H0504,2025-05-18,Sunday,May,2025,None,Normal Day,No,1
H0505,2025-05-19,Monday,May,2025,None,Normal Day,No,1
H0506,2025-05-20,Tuesday,May,2025,None,Normal Day,No,1
H0507,2025-05-21,Wednesday,May,2025,None,Normal Day,No,1
H0508,2025-05-22,Thursday,May,2025,None,Normal Day,No,1
H0509,2025-05-23,Friday,May,2025,None,Normal Day,No,1
H0510,2025-05-24,Saturday,May,2025,None,Normal Day,No,1
H0511,2025-05-25,Sunday,May,2025,None,Normal Day,No,1
H0512,2025-05-26,Monday,May,2025,None,Normal Day,No,1
H0513,2025-05-27,Tuesday,May,2025,None,Normal Day,No,1
H0514,2025-05-28,Wednesday,May,2025,None,Normal Day,No,1
H0515,2025-05-29,Thursday,May,2025,None,Normal Day,No,1
H0516,2025-05-30,Friday,May,2025,None,Normal Day,No,1
H0517,2025-05-31,Saturday,May,2025,None,Normal Day,No,1
H0518,2025-06-01,Sunday,June,2025,None,Normal Day,No,1
H0519,2025-06-02,Monday,June,2025,None,Normal Day,No,1
H0520,2025-06-03,Tuesday,June,2025,None,Normal Day,No,1
H0521,2025-06-04,Wednesday,June,2025,None,Normal Day,No,1
H0522,2025-06-05,Thursday,June,2025,None,Normal Day,No,1
H0523,2025-06-06,Friday,June,2025,None,Normal Day,No,1
H0524,2025-06-07,Saturday,June,2025,Bakrid (Eid al-Adha),Religious Holiday,Yes,1.05
H0525,2025-06-08,Sunday,June,2025,None,Normal Day,No,1
H0526,2025-06-09,Monday,June,2025,None,Normal Day,No,1
H0527,2025-06-10,Tuesday,June,2025,None,Normal Day,No,1
H0528,2025-06-11,Wednesday,June,2025,None,Normal Day,No,1
H0529,2025-06-12,Thursday,June,2025,None,Normal Day,No,1
H0530,2025-06-13,Friday,June,2025,None,Normal Day,No,1
H0531,2025-06-14,Saturday,June,2025,None,Normal Day,No,1
H0532,2025-06-15,Sunday,June,2025,None,Normal Day,No,1
H0533,2025-06-16,Monday,June,2025,None,Normal Day,No,1
H0534,2025-06-17,Tuesday,June,2025,None,Normal Day,No,1
H0535,2025-06-18,Wednesday,June,2025,None,Normal Day,No,1
H0536,2025-06-19,Thursday,June,2025,None,Normal Day,No,1
H0537,2025-06-20,Friday,June,2025,None,Normal Day,No,1
H0538,2025-06-21,Saturday,June,2025,None,Normal Day,No,1
H0539,2025-06-22,Sunday,June,2025,None,Normal Day,No,1
H0540,2025-06-23,Monday,June,2025,None,Normal Day,No,1
H0541,2025-06-24,Tuesday,June,2025,None,Normal Day,No,1
H0542,2025-06-25,Wednesday,June,2025,None,Normal Day,No,1
H0543,2025-06-26,Thursday,June,2025,None,Normal Day,No,1
H0544,2025-06-27,Friday,June,2025,None,Normal Day,No,1
H0545,2025-06-28,Saturday,June,2025,None,Normal Day,No,1
H0546,2025-06-29,Sunday,June,2025,None,Normal Day,No,1
H0547,2025-06-30,Monday,June,2025,None,Normal Day,No,1
H0548,2025-07-01,Tuesday,July,2025,None,Normal Day,No,1
H0549,2025-07-02,Wednesday,July,2025,None,Normal Day,No,1
H0550,2025-07-03,Thursday,July,2025,None,Normal Day,No,1
H0551,2025-07-04,Friday,July,2025,None,Normal Day,No,1
H0552,2025-07-05,Saturday,July,2025,None,Normal Day,No,1
H0553,2025-07-06,Sunday,July,2025,None,Normal Day,No,1
H0554,2025-07-07,Monday,July,2025,None,Normal Day,No,1
H0555,2025-07-08,Tuesday,July,2025,None,Normal Day,No,1
H0556,2025-07-09,Wednesday,July,2025,None,Normal Day,No,1
H0557,2025-07-10,Thursday,July,2025,None,Normal Day,No,1
H0558,2025-07-11,Friday,July,2025,None,Normal Day,No,1
H0559,2025-07-12,Saturday,July,2025,None,Normal Day,No,1
H0560,2025-07-13,Sunday,July,2025,None,Normal Day,No,1
H0561,2025-07-14,Monday,July,2025,None,Normal Day,No,1
H0562,2025-07-15,Tuesday,July,2025,None,Normal Day,No,1
H0563,2025-07-16,Wednesday,July,2025,None,Normal Day,No,1
H0564,2025-07-17,Thursday,July,2025,None,Normal Day,No,1
H0565,2025-07-18,Friday,July,2025,None,Normal Day,No,1
H0566,2025-07-19,Saturday,July,2025,None,Normal Day,No,1
H0567,2025-07-20,Sunday,July,2025,None,Normal Day,No,1
H0568,2025-07-21,Monday,July,2025,None,Normal Day,No,1
H0569,2025-07-22,Tuesday,July,2025,None,Normal Day,No,1
H0570,2025-07-23,Wednesday,July,2025,None,Normal Day,No,1
H0571,2025-07-24,Thursday,July,2025,None,Normal Day,No,1
H0572,2025-07-25,Friday,July,2025,None,Normal Day,No,1
H0573,2025-07-26,Saturday,July,2025,None,Normal Day,No,1
H0574,2025-07-27,Sunday,July,2025,None,Normal Day,No,1
H0575,2025-07-28,Monday,July,2025,None,Normal Day,No,1
H0576,2025-07-29,Tuesday,July,2025,None,Normal Day,No,1
H0577,2025-07-30,Wednesday,July,2025,None,Normal Day,No,1
H0578,2025-07-31,Thursday,July,2025,None,Normal Day,No,1
H0579,2025-08-01,Friday,August,2025,None,Normal Day,No,1
H0580,2025-08-02,Saturday,August,2025,None,Normal Day,No,1
H0581,2025-08-03,Sunday,August,2025,None,Normal Day,No,1
H0582,2025-08-04,Monday,August,2025,None,Normal Day,No,1
H0583,2025-08-05,Tuesday,August,2025,None,Normal Day,No,1
H0584,2025-08-06,Wednesday,August,2025,None,Normal Day,No,1
H0585,2025-08-07,Thursday,August,2025,None,Normal Day,No,1
H0586,2025-08-08,Friday,August,2025,None,Normal Day,No,1
H0587,2025-08-09,Saturday,August,2025,None,Normal Day,No,1
H0588,2025-08-10,Sunday,August,2025,None,Normal Day,No,1
H0589,2025-08-11,Monday,August,2025,None,Normal Day,No,1
H0590,2025-08-12,Tuesday,August,2025,None,Normal Day,No,1
H0591,2025-08-13,Wednesday,August,2025,None,Normal Day,No,1
H0592,2025-08-14,Thursday,August,2025,None,Normal Day,No,1
H0593,2025-08-15,Friday,August,2025,Independence Day,National Holiday,Yes,0.85
H0594,2025-08-16,Saturday,August,2025,None,Normal Day,No,1
H0595,2025-08-17,Sunday,August,2025,None,Normal Day,No,1
H0596,2025-08-18,Monday,August,2025,None,Normal Day,No,1
H0597,2025-08-19,Tuesday,August,2025,None,Normal Day,No,1
H0598,2025-08-20,Wednesday,August,2025,None,Normal Day,No,1
H0599,2025-08-21,Thursday,August,2025,None,Normal Day,No,1
H0600,2025-08-22,Friday,August,2025,None,Normal Day,No,1
H0601,2025-08-23,Saturday,August,2025,None,Normal Day,No,1
H0602,2025-08-24,Sunday,August,2025,None,Normal Day,No,1
H0603,2025-08-25,Monday,August,2025,None,Normal Day,No,1
H0604,2025-08-26,Tuesday,August,2025,None,Normal Day,No,1
H0605,2025-08-27,Wednesday,August,2025,Ganesh Chaturthi,Festival,Yes,1.15
H0606,2025-08-28,Thursday,August,2025,None,Normal Day,No,1
H0607,2025-08-29,Friday,August,2025,None,Normal Day,No,1
H0608,2025-08-30,Saturday,August,2025,None,Normal Day,No,1
H0609,2025-08-31,Sunday,August,2025,None,Normal Day,No,1
H0610,2025-09-01,Monday,September,2025,None,Normal Day,No,1
H0611,2025-09-02,Tuesday,September,2025,None,Normal Day,No,1
H0612,2025-09-03,Wednesday,September,2025,None,Normal Day,No,1
H0613,2025-09-04,Thursday,September,2025,None,Normal Day,No,1
H0614,2025-09-05,Friday,September,2025,None,Normal Day,No,1
H0615,2025-09-06,Saturday,September,2025,None,Normal Day,No,1
H0616,2025-09-07,Sunday,September,2025,None,Normal Day,No,1
H0617,2025-09-08,Monday,September,2025,None,Normal Day,No,1
H0618,2025-09-09,Tuesday,September,2025,None,Normal Day,No,1
H0619,2025-09-10,Wednesday,September,2025,None,Normal Day,No,1
H0620,2025-09-11,Thursday,September,2025,None,Normal Day,No,1
H0621,2025-09-12,Friday,September,2025,None,Normal Day,No,1
H0622,2025-09-13,Saturday,September,2025,None,Normal Day,No,1
H0623,2025-09-14,Sunday,September,2025,None,Normal Day,No,1
H0624,2025-09-15,Monday,September,2025,None,Normal Day,No,1
H0625,2025-09-16,Tuesday,September,2025,None,Normal Day,No,1
H0626,2025-09-17,Wednesday,September,2025,None,Normal Day,No,1
H0627,2025-09-18,Thursday,September,2025,None,Normal Day,No,1
H0628,2025-09-19,Friday,September,2025,None,Normal Day,No,1
H0629,2025-09-20,Saturday,September,2025,None,Normal Day,No,1
H0630,2025-09-21,Sunday,September,2025,None,Normal Day,No,1
H0631,2025-09-22,Monday,September,2025,None,Normal Day,No,1
H0632,2025-09-23,Tuesday,September,2025,None,Normal Day,No,1
H0633,2025-09-24,Wednesday,September,2025,None,Normal Day,No,1
H0634,2025-09-25,Thursday,September,2025,None,Normal Day,No,1
H0635,2025-09-26,Friday,September,2025,None,Normal Day,No,1
H0636,2025-09-27,Saturday,September,2025,None,Normal Day,No,1
H0637,2025-09-28,Sunday,September,2025,None,Normal Day,No,1
H0638,2025-09-29,Monday,September,2025,None,Normal Day,No,1
H0639,2025-09-30,Tuesday,September,2025,None,Normal Day,No,1
H0640,2025-10-01,Wednesday,October,2025,Ayudha Puja,Festival,Yes,1.15
H0641,2025-10-02,Thursday,October,2025,Gandhi Jayanti / Vijaya Dashami,National Holiday,Yes,0.9
H0642,2025-10-03,Friday,October,2025,None,Normal Day,No,1
H0643,2025-10-04,Saturday,October,2025,None,Normal Day,No,1
H0644,2025-10-05,Sunday,October,2025,None,Normal Day,No,1
H0645,2025-10-06,Monday,October,2025,None,Normal Day,No,1
H0646,2025-10-07,Tuesday,October,2025,None,Normal Day,No,1
H0647,2025-10-08,Wednesday,October,2025,None,Normal Day,No,1
H0648,2025-10-09,Thursday,October,2025,None,Normal Day,No,1
H0649,2025-10-10,Friday,October,2025,None,Normal Day,No,1
H0650,2025-10-11,Saturday,October,2025,None,Normal Day,No,1
H0651,2025-10-12,Sunday,October,2025,None,Normal Day,No,1
H0652,2025-10-13,Monday,October,2025,None,Normal Day,No,1
H0653,2025-10-14,Tuesday,October,2025,None,Normal Day,No,1
H0654,2025-10-15,Wednesday,October,2025,None,Normal Day,No,1
H0655,2025-10-16,Thursday,October,2025,None,Normal Day,No,1
H0656,2025-10-17,Friday,October,2025,None,Normal Day,No,1
H0657,2025-10-18,Saturday,October,2025,None,Normal Day,No,1
H0658,2025-10-19,Sunday,October,2025,None,Normal Day,No,1
H0659,2025-10-20,Monday,October,2025,Deepavali,Festival,Yes,1.15
H0660,2025-10-21,Tuesday,October,2025,None,Normal Day,No,1
H0661,2025-10-22,Wednesday,October,2025,None,Normal Day,No,1
H0662,2025-10-23,Thursday,October,2025,None,Normal Day,No,1
H0663,2025-10-24,Friday,October,2025,None,Normal Day,No,1
H0664,2025-10-25,Saturday,October,2025,None,Normal Day,No,1
H0665,2025-10-26,Sunday,October,2025,None,Normal Day,No,1
H0666,2025-10-27,Monday,October,2025,None,Normal Day,No,1
H0667,2025-10-28,Tuesday,October,2025,None,Normal Day,No,1
H0668,2025-10-29,Wednesday,October,2025,None,Normal Day,No,1
H0669,2025-10-30,Thursday,October,2025,None,Normal Day,No,1
H0670,2025-10-31,Friday,October,2025,None,Normal Day,No,1
H0671,2025-11-01,Saturday,November,2025,None,Normal Day,No,1
H0672,2025-11-02,Sunday,November,2025,None,Normal Day,No,1
H0673,2025-11-03,Monday,November,2025,None,Normal Day,No,1
H0674,2025-11-04,Tuesday,November,2025,None,Normal Day,No,1
H0675,2025-11-05,Wednesday,November,2025,None,Normal Day,No,1
H0676,2025-11-06,Thursday,November,2025,None,Normal Day,No,1
H0677,2025-11-07,Friday,November,2025,None,Normal Day,No,1
H0678,2025-11-08,Saturday,November,2025,None,Normal Day,No,1
H0679,2025-11-09,Sunday,November,2025,None,Normal Day,No,1
H0680,2025-11-10,Monday,November,2025,None,Normal Day,No,1
H0681,2025-11-11,Tuesday,November,2025,None,Normal Day,No,1
H0682,2025-11-12,Wednesday,November,2025,None,Normal Day,No,1
H0683,2025-11-13,Thursday,November,2025,None,Normal Day,No,1
H0684,2025-11-14,Friday,November,2025,None,Normal Day,No,1
H0685,2025-11-15,Saturday,November,2025,None,Normal Day,No,1
H0686,2025-11-16,Sunday,November,2025,None,Normal Day,No,1
H0687,2025-11-17,Monday,November,2025,None,Normal Day,No,1
H0688,2025-11-18,Tuesday,November,2025,None,Normal Day,No,1
H0689,2025-11-19,Wednesday,November,2025,None,Normal Day,No,1
H0690,2025-11-20,Thursday,November,2025,None,Normal Day,No,1
H0691,2025-11-21,Friday,November,2025,None,Normal Day,No,1
H0692,2025-11-22,Saturday,November,2025,None,Normal Day,No,1
H0693,2025-11-23,Sunday,November,2025,None,Normal Day,No,1
H0694,2025-11-24,Monday,November,2025,None,Normal Day,No,1
H0695,2025-11-25,Tuesday,November,2025,None,Normal Day,No,1
H0696,2025-11-26,Wednesday,November,2025,None,Normal Day,No,1
H0697,2025-11-27,Thursday,November,2025,None,Normal Day,No,1
H0698,2025-11-28,Friday,November,2025,None,Normal Day,No,1
H0699,2025-11-29,Saturday,November,2025,None,Normal Day,No,1
H0700,2025-11-30,Sunday,November,2025,None,Normal Day,No,1
H0701,2025-12-01,Monday,December,2025,None,Normal Day,No,1
H0702,2025-12-02,Tuesday,December,2025,None,Normal Day,No,1
H0703,2025-12-03,Wednesday,December,2025,None,Normal Day,No,1
H0704,2025-12-04,Thursday,December,2025,None,Normal Day,No,1
H0705,2025-12-05,Friday,December,2025,None,Normal Day,No,1
H0706,2025-12-06,Saturday,December,2025,None,Normal Day,No,1
H0707,2025-12-07,Sunday,December,2025,None,Normal Day,No,1
H0708,2025-12-08,Monday,December,2025,None,Normal Day,No,1
H0709,2025-12-09,Tuesday,December,2025,None,Normal Day,No,1
H0710,2025-12-10,Wednesday,December,2025,None,Normal Day,No,1
H0711,2025-12-11,Thursday,December,2025,None,Normal Day,No,1
H0712,2025-12-12,Friday,December,2025,None,Normal Day,No,1
H0713,2025-12-13,Saturday,December,2025,None,Normal Day,No,1
H0714,2025-12-14,Sunday,December,2025,None,Normal Day,No,1
H0715,2025-12-15,Monday,December,2025,None,Normal Day,No,1
H0716,2025-12-16,Tuesday,December,2025,None,Normal Day,No,1
H0717,2025-12-17,Wednesday,December,2025,None,Normal Day,No,1
H0718,2025-12-18,Thursday,December,2025,None,Normal Day,No,1
H0719,2025-12-19,Friday,December,2025,None,Normal Day,No,1
H0720,2025-12-20,Saturday,December,2025,None,Normal Day,No,1
H0721,2025-12-21,Sunday,December,2025,None,Normal Day,No,1
H0722,2025-12-22,Monday,December,2025,None,Normal Day,No,1
H0723,2025-12-23,Tuesday,December,2025,None,Normal Day,No,1
H0724,2025-12-24,Wednesday,December,2025,None,Normal Day,No,1
H0725,2025-12-25,Thursday,December,2025,Christmas,Festival,Yes,1.15
H0726,2025-12-26,Friday,December,2025,None,Normal Day,No,1
H0727,2025-12-27,Saturday,December,2025,None,Normal Day,No,1
H0728,2025-12-28,Sunday,December,2025,None,Normal Day,No,1
H0729,2025-12-29,Monday,December,2025,None,Normal Day,No,1
H0730,2025-12-30,Tuesday,December,2025,None,Normal Day,No,1
H0731,2025-12-31,Wednesday,December,2025,None,Normal Day,No,1
