weather_id,date,day_of_week,month,year,season,weather_type,temperature,feels_like,humidity,rainfall,visibility_km,wind_speed_kmph
W0001,2024-01-01,Monday,January,2024,Winter,Cloudy,20.2,20.3,53,0,8.9,9
W0002,2024-01-02,Tuesday,January,2024,Winter,Cloudy,28,27.9,47,0,8.1,12
W0003,2024-01-03,Wednesday,January,2024,Winter,Cloudy,22.1,22.8,64,0,10.2,6
W0004,2024-01-04,Thursday,January,2024,Winter,Cloudy,23.8,24.2,59,0,11.2,10
W0005,2024-01-05,Friday,January,2024,Winter,Cloudy,27.3,28.2,67,0,9.4,12
W0006,2024-01-06,Saturday,January,2024,Winter,Cloudy,28.6,28.9,55,0,8.4,7
W0007,2024-01-07,Sunday,January,2024,Winter,Cloudy,27.6,28.3,64,0,11.2,10
W0008,2024-01-08,Monday,January,2024,Winter,Sunny,28.8,29.2,57,0,12.8,7
W0009,2024-01-09,Tuesday,January,2024,Winter,Cloudy,27.8,28.4,63,0,10.8,9
W0010,2024-01-10,Wednesday,January,2024,Winter,Cloudy,22.1,22.3,54,0,11.4,7
W0011,2024-01-11,Thursday,January,2024,Winter,Sunny,24.1,24.4,56,0,11.9,8
W0012,2024-01-12,Friday,January,2024,Winter,Sunny,22.4,23.2,66,0,13,7
W0013,2024-01-13,Saturday,January,2024,Winter,Sunny,26.6,26.6,50,0,11.9,13
W0014,2024-01-14,Sunday,January,2024,Winter,Cloudy,25,25.8,66,0,11.4,11
W0015,2024-01-15,Monday,January,2024,Winter,Sunny,20.3,20.6,55,0,11.3,12
W0016,2024-01-16,Tuesday,January,2024,Winter,Sunny,28.5,29.4,67,0,11.1,11
W0017,2024-01-17,Wednesday,January,2024,Winter,Sunny,28,28.8,65,0,10.7,13
W0018,2024-01-18,Thursday,January,2024,Winter,Sunny,26.7,27.3,62,0,13.7,10
W0019,2024-01-19,Friday,January,2024,Winter,Sunny,25.3,25.6,56,0,15,9
W0020,2024-01-20,Saturday,January,2024,Winter,Sunny,24.4,25.3,69,0,14.3,6
W0021,2024-01-21,Sunday,January,2024,Winter,Sunny,21.4,22.2,66,0,13,12
W0022,2024-01-22,Monday,January,2024,Winter,Sunny,25.4,25.8,59,0,11.3,14
W0023,2024-01-23,Tuesday,January,2024,Winter,Sunny,28.5,29.3,66,0,13.4,7
W0024,2024-01-24,Wednesday,January,2024,Winter,Sunny,22.4,23.1,65,0,10.6,11
W0025,2024-01-25,Thursday,January,2024,Winter,Sunny,24.1,25,68,0,14.9,10
W0026,2024-01-26,Friday,January,2024,Winter,Sunny,21,21.8,65,0,14.2,10
W0027,2024-01-27,Saturday,January,2024,Winter,Sunny,21.8,22.1,56,0,12.7,8
W0028,2024-01-28,Sunday,January,2024,Winter,Sunny,20,20.2,55,0,10.1,13
W0029,2024-01-29,Monday,January,2024,Winter,Cloudy,27.5,27.7,54,0,8.2,9
W0030,2024-01-30,Tuesday,January,2024,Winter,Cloudy,20.8,21.3,60,0,11.9,7
W0031,2024-01-31,Wednesday,January,2024,Winter,Cloudy,21.1,21.9,66,0,11.8,13
W0032,2024-02-01,Thursday,February,2024,Winter,Cloudy,24.7,25.4,64,0,11.9,12
W0033,2024-02-02,Friday,February,2024,Winter,Cloudy,26.2,27.1,67,0,9.6,10
W0034,2024-02-03,Saturday,February,2024,Winter,Sunny,28.1,28.6,59,0,11.2,7
W0035,2024-02-04,Sunday,February,2024,Winter,Sunny,20.2,20.8,62,0,12.9,9
W0036,2024-02-05,Monday,February,2024,Winter,Sunny,26.4,26.2,46,0,10.3,9
W0037,2024-02-06,Tuesday,February,2024,Winter,Sunny,23,23.6,61,0,11.4,9
W0038,2024-02-07,Wednesday,February,2024,Winter,Sunny,24.9,25.8,68,0,11.2,13
W0039,2024-02-08,Thursday,February,2024,Winter,Sunny,23.7,23.6,48,0,13.3,7
W0040,2024-02-09,Friday,February,2024,Winter,Sunny,23.7,24.6,68,0,13.4,6
W0041,2024-02-10,Saturday,February,2024,Winter,Sunny,23.6,23.9,55,0,11.2,7
W0042,2024-02-11,Sunday,February,2024,Winter,Sunny,24,24.4,58,0,11.4,8
W0043,2024-02-12,Monday,February,2024,Winter,Sunny,28.3,28.8,59,0,10.5,14
W0044,2024-02-13,Tuesday,February,2024,Winter,Sunny,20.1,20,47,0,10.8,9
W0045,2024-02-14,Wednesday,February,2024,Winter,Sunny,21.9,22.2,57,0,10.8,6
W0046,2024-02-15,Thursday,February,2024,Winter,Sunny,23.5,24.5,70,0,11.4,13
W0047,2024-02-16,Friday,February,2024,Winter,Cloudy,27.1,27.9,66,0,8.6,13
W0048,2024-02-17,Saturday,February,2024,Winter,Cloudy,28.7,29.3,63,0,8.2,14
W0049,2024-02-18,Sunday,February,2024,Winter,Cloudy,20.5,21,60,0,11.7,14
W0050,2024-02-19,Monday,February,2024,Winter,Cloudy,20.5,21.1,61,0,11.4,7
W0051,2024-02-20,Tuesday,February,2024,Winter,Cloudy,20.6,20.7,52,0,8.5,12
W0052,2024-02-21,Wednesday,February,2024,Winter,Sunny,25.4,26.1,64,0,12.1,7
W0053,2024-02-22,Thursday,February,2024,Winter,Sunny,24.7,24.8,53,0,13.3,9
W0054,2024-02-23,Friday,February,2024,Winter,Sunny,22.4,22.3,49,0,12.3,10
W0055,2024-02-24,Saturday,February,2024,Winter,Cloudy,20.1,20.8,64,0,8.3,7
W0056,2024-02-25,Sunday,February,2024,Winter,Cloudy,22.4,22.7,56,0,11.5,7
W0057,2024-02-26,Monday,February,2024,Winter,Cloudy,21.4,22,62,0,10.4,10
W0058,2024-02-27,Tuesday,February,2024,Winter,Cloudy,20.1,20.7,62,0,11.7,10
W0059,2024-02-28,Wednesday,February,2024,Winter,Cloudy,27.9,28,53,0,11.6,7
W0060,2024-02-29,Thursday,February,2024,Winter,Sunny,22.5,22.6,51,0,11,11
W0061,2024-03-01,Friday,March,2024,Summer,Sunny,32.4,31.7,36,0,13.2,9
W0062,2024-03-02,Saturday,March,2024,Summer,Sunny,31,30.4,39,0,14.9,18
W0063,2024-03-03,Sunday,March,2024,Summer,Sunny,32,32.4,57,0,12.8,14
W0064,2024-03-04,Monday,March,2024,Summer,Sunny,36.5,36.9,57,0,12.7,10
W0065,2024-03-05,Tuesday,March,2024,Summer,Sunny,29.3,28.8,39,0,11.5,8
W0066,2024-03-06,Wednesday,March,2024,Summer,Cloudy,35.7,35.5,46,0,10.7,11
W0067,2024-03-07,Thursday,March,2024,Summer,Sunny,33,32.9,48,0,13.7,17
W0068,2024-03-08,Friday,March,2024,Summer,Sunny,29.5,30,60,0,14.4,10
W0069,2024-03-09,Saturday,March,2024,Summer,Sunny,34.6,34.4,45,0,14,14
W0070,2024-03-10,Sunday,March,2024,Summer,Cloudy,30.4,30.9,60,0,9.5,9
W0071,2024-03-11,Monday,March,2024,Summer,Cloudy,32.2,31.8,41,0,9.4,15
W0072,2024-03-12,Tuesday,March,2024,Summer,Cloudy,30,30.3,56,0,9.6,11
W0073,2024-03-13,Wednesday,March,2024,Summer,Cloudy,28.6,29.1,59,0,9.4,12
W0074,2024-03-14,Thursday,March,2024,Summer,Cloudy,34.1,34.2,52,0,11.8,13
W0075,2024-03-15,Friday,March,2024,Summer,Cloudy,36.7,36.2,40,0,11.9,17
W0076,2024-03-16,Saturday,March,2024,Summer,Cloudy,29,28.9,48,0,10.9,13
W0077,2024-03-17,Sunday,March,2024,Summer,Cloudy,33.5,33.5,51,0,9.5,9
W0078,2024-03-18,Monday,March,2024,Summer,Cloudy,30.3,30.7,57,0,8,14
W0079,2024-03-19,Tuesday,March,2024,Summer,Sunny,34.5,34.9,58,0,11,18
W0080,2024-03-20,Wednesday,March,2024,Summer,Sunny,36.5,36.2,45,0,11.6,17
W0081,2024-03-21,Thursday,March,2024,Summer,Cloudy,30.7,30.4,44,0,9.6,18
W0082,2024-03-22,Friday,March,2024,Summer,Cloudy,30.7,30.1,39,0,9.7,11
W0083,2024-03-23,Saturday,March,2024,Summer,Sunny,36.1,36.3,54,0,11.5,17
W0084,2024-03-24,Sunday,March,2024,Summer,Sunny,28,27.7,44,0,12.1,11
W0085,2024-03-25,Monday,March,2024,Summer,Sunny,33.9,33.9,49,0,12.2,15
W0086,2024-03-26,Tuesday,March,2024,Summer,Sunny,32.3,32.8,60,0,13.3,10
W0087,2024-03-27,Wednesday,March,2024,Summer,Sunny,34,34.2,54,0,10.5,13
W0088,2024-03-28,Thursday,March,2024,Summer,Sunny,30.8,31.3,60,0,10.7,11
W0089,2024-03-29,Friday,March,2024,Summer,Sunny,36.9,37.1,54,0,12.3,9
W0090,2024-03-30,Saturday,March,2024,Summer,Sunny,34.5,34.4,47,0,12,15
W0091,2024-03-31,Sunday,March,2024,Summer,Sunny,34.2,34.7,59,0,13.9,9
W0092,2024-04-01,Monday,April,2024,Summer,Sunny,35.2,35.6,57,0,12.3,16
W0093,2024-04-02,Tuesday,April,2024,Summer,Sunny,36.3,35.7,38,0,10.7,15
W0094,2024-04-03,Wednesday,April,2024,Summer,Sunny,32.8,32.9,52,0,11.6,17
W0095,2024-04-04,Thursday,April,2024,Summer,Sunny,35.3,35.3,51,0,14.2,14
W0096,2024-04-05,Friday,April,2024,Summer,Sunny,36.1,36.5,58,0,12.3,15
W0097,2024-04-06,Saturday,April,2024,Summer,Cloudy,30.5,30.9,59,0,9.9,16
W0098,2024-04-07,Sunday,April,2024,Summer,Cloudy,32,32.4,57,0,8.9,12
W0099,2024-04-08,Monday,April,2024,Summer,Cloudy,36,35.4,37,0,8.6,10
W0100,2024-04-09,Tuesday,April,2024,Summer,Cloudy,29.4,28.9,41,0,9.7,9
W0101,2024-04-10,Wednesday,April,2024,Summer,Cloudy,32.2,31.5,36,0,11.3,11
W0102,2024-04-11,Thursday,April,2024,Summer,Cloudy,34.9,35.2,57,0,11.4,8
W0103,2024-04-12,Friday,April,2024,Summer,Sunny,28.1,27.9,46,0,13.8,12
W0104,2024-04-13,Saturday,April,2024,Summer,Thunderstorm,31.8,30.2,58,60,3.7,16
W0105,2024-04-14,Sunday,April,2024,Summer,Thunderstorm,30.5,29.2,50,39.4,3,8
W0106,2024-04-15,Monday,April,2024,Summer,Cloudy,35.6,35.1,39,0,10.1,17
W0107,2024-04-16,Tuesday,April,2024,Summer,Sunny,34,33.4,37,0,12.1,18
W0108,2024-04-17,Wednesday,April,2024,Summer,Sunny,30.3,30.1,45,0,12.3,11
W0109,2024-04-18,Thursday,April,2024,Summer,Sunny,35.9,35.5,43,0,11.3,14
W0110,2024-04-19,Friday,April,2024,Summer,Sunny,28.2,28.3,52,0,15,8
W0111,2024-04-20,Saturday,April,2024,Summer,Sunny,33.9,34.4,59,0,10.2,18
W0112,2024-04-21,Sunday,April,2024,Summer,Sunny,30.2,29.4,35,0,10.8,17
W0113,2024-04-22,Monday,April,2024,Summer,Sunny,34,34.1,53,0,12.3,11
W0114,2024-04-23,Tuesday,April,2024,Summer,Sunny,31.3,31.5,54,0,14.8,17
W0115,2024-04-24,Wednesday,April,2024,Summer,Cloudy,29.5,29.2,44,0,10.3,9
W0116,2024-04-25,Thursday,April,2024,Summer,Sunny,36.2,36.1,47,0,14.7,14
W0117,2024-04-26,Friday,April,2024,Summer,Sunny,33.3,33.5,55,0,10.5,11
W0118,2024-04-27,Saturday,April,2024,Summer,Cloudy,33.4,32.8,38,0,11.1,17
W0119,2024-04-28,Sunday,April,2024,Summer,Cloudy,31.9,31.7,46,0,10,9
W0120,2024-04-29,Monday,April,2024,Summer,Cloudy,35.6,35.6,50,0,9.7,9
W0121,2024-04-30,Tuesday,April,2024,Summer,Cloudy,36,36,49,0,9.7,10
W0122,2024-05-01,Wednesday,May,2024,Summer,Thunderstorm,30.4,28.9,60,58.7,2.4,16
W0123,2024-05-02,Thursday,May,2024,Summer,Sunny,30.9,30.5,42,0,11.4,9
W0124,2024-05-03,Friday,May,2024,Summer,Sunny,34.8,34.9,53,0,13.3,17
W0125,2024-05-04,Saturday,May,2024,Summer,Sunny,32.4,32.1,45,0,12.4,10
W0126,2024-05-05,Sunday,May,2024,Summer,Sunny,30.3,29.9,43,0,13.5,17
W0127,2024-05-06,Monday,May,2024,Summer,Sunny,28.1,27.7,41,0,11.2,9
W0128,2024-05-07,Tuesday,May,2024,Summer,Sunny,33,32.6,42,0,13.2,15
W0129,2024-05-08,Wednesday,May,2024,Summer,Sunny,35.1,34.5,37,0,11.1,12
W0130,2024-05-09,Thursday,May,2024,Summer,Sunny,33.2,33.2,50,0,12.7,16
W0131,2024-05-10,Friday,May,2024,Summer,Sunny,34.7,34.5,45,0,13.5,13
W0132,2024-05-11,Saturday,May,2024,Summer,Sunny,30.3,29.7,38,0,11.6,11
W0133,2024-05-12,Sunday,May,2024,Summer,Thunderstorm,34.2,31.9,41,56.9,1.8,11
W0134,2024-05-13,Monday,May,2024,Summer,Thunderstorm,34.8,32.7,54,69,3.5,12
W0135,2024-05-14,Tuesday,May,2024,Summer,Thunderstorm,31.2,29.1,44,55.4,1.4,8
W0136,2024-05-15,Wednesday,May,2024,Summer,Thunderstorm,28.5,26.5,44,51.9,3.3,10
W0137,2024-05-16,Thursday,May,2024,Summer,Thunderstorm,28.1,26.3,44,43.9,2,15
W0138,2024-05-17,Friday,May,2024,Summer,Sunny,35.8,35.2,38,0,12,9
W0139,2024-05-18,Saturday,May,2024,Summer,Sunny,33.7,33,36,0,10.7,10
W0140,2024-05-19,Sunday,May,2024,Summer,Sunny,30.7,30.3,42,0,12.8,9
W0141,2024-05-20,Monday,May,2024,Summer,Sunny,33.4,33.6,54,0,13.9,11
W0142,2024-05-21,Tuesday,May,2024,Summer,Sunny,36.2,35.9,44,0,15,17
W0143,2024-05-22,Wednesday,May,2024,Summer,Sunny,33.6,33.8,54,0,14.7,9
W0144,2024-05-23,Thursday,May,2024,Summer,Sunny,29.9,30.2,56,0,10.8,9
W0145,2024-05-24,Friday,May,2024,Summer,Sunny,28.7,27.9,35,0,12.3,14
W0146,2024-05-25,Saturday,May,2024,Summer,Sunny,30.6,30.2,42,0,13.5,12
W0147,2024-05-26,Sunday,May,2024,Summer,Sunny,34.2,33.9,43,0,12.9,18
W0148,2024-05-27,Monday,May,2024,Summer,Sunny,29,28.6,42,0,10.7,18
W0149,2024-05-28,Tuesday,May,2024,Summer,Sunny,29.3,28.6,36,0,14,10
W0150,2024-05-29,Wednesday,May,2024,Summer,Sunny,35.4,35.1,44,0,10.6,15
W0151,2024-05-30,Thursday,May,2024,Summer,Sunny,36.5,36.5,51,0,12.5,16
W0152,2024-05-31,Friday,May,2024,Summer,Sunny,28.4,28.3,48,0,13,13
W0153,2024-06-01,Saturday,June,2024,Monsoon,Rainy,21.8,22.8,91,31.4,3.1,28
W0154,2024-06-02,Sunday,June,2024,Monsoon,Drizzle,24.6,26.7,94,2.6,7,15
W0155,2024-06-03,Monday,June,2024,Monsoon,Rainy,24.7,25.1,90,48.6,4.4,25
W0156,2024-06-04,Tuesday,June,2024,Monsoon,Rainy,22.6,23.1,73,19.8,5.1,15
W0157,2024-06-05,Wednesday,June,2024,Monsoon,Rainy,27.6,29.6,94,6.7,3.3,27
W0158,2024-06-06,Thursday,June,2024,Monsoon,Rainy,20.9,21.6,94,43.9,5.5,22
W0159,2024-06-07,Friday,June,2024,Monsoon,Rainy,27,28.5,84,7.4,4.6,23
W0160,2024-06-08,Saturday,June,2024,Monsoon,Cloudy,23.5,24.6,71,0,9.1,16
W0161,2024-06-09,Sunday,June,2024,Monsoon,Cloudy,22.3,24.4,92,0,8.5,25
W0162,2024-06-10,Monday,June,2024,Monsoon,Cloudy,21.9,23.1,75,0,10.2,19
W0163,2024-06-11,Tuesday,June,2024,Monsoon,Cloudy,20.7,21.8,73,0,11.8,24
W0164,2024-06-12,Wednesday,June,2024,Monsoon,Rainy,27.5,27.7,79,36.7,4.2,26
W0165,2024-06-13,Thursday,June,2024,Monsoon,Rainy,23.8,25.1,84,11.5,3.6,27
W0166,2024-06-14,Friday,June,2024,Monsoon,Rainy,26,26.6,74,17.4,5.4,12
W0167,2024-06-15,Saturday,June,2024,Monsoon,Rainy,27.5,27.9,86,41.9,3.8,18
W0168,2024-06-16,Sunday,June,2024,Monsoon,Rainy,24.7,25.3,91,43.9,4.3,25
W0169,2024-06-17,Monday,June,2024,Monsoon,Rainy,22.7,24.2,94,22,5.8,27
W0170,2024-06-18,Tuesday,June,2024,Monsoon,Thunderstorm,21.9,21.4,82,62.8,2.2,17
W0171,2024-06-19,Wednesday,June,2024,Monsoon,Thunderstorm,23.8,24.7,95,39.3,3,22
W0172,2024-06-20,Thursday,June,2024,Monsoon,Thunderstorm,24,23.5,71,45.1,2.8,14
W0173,2024-06-21,Friday,June,2024,Monsoon,Drizzle,23.5,25.3,86,0.6,5.4,24
W0174,2024-06-22,Saturday,June,2024,Monsoon,Thunderstorm,20.6,21.6,95,36.9,3.1,18
W0175,2024-06-23,Sunday,June,2024,Monsoon,Drizzle,26.8,28.5,87,4.8,6.9,22
W0176,2024-06-24,Monday,June,2024,Monsoon,Cloudy,24.3,26.2,89,0,8.9,12
W0177,2024-06-25,Tuesday,June,2024,Monsoon,Rainy,21.8,21.3,72,49,5.3,23
W0178,2024-06-26,Wednesday,June,2024,Monsoon,Rainy,21.3,22.5,79,7.1,5.4,10
W0179,2024-06-27,Thursday,June,2024,Monsoon,Rainy,23,23.2,74,28.9,4.7,17
W0180,2024-06-28,Friday,June,2024,Monsoon,Rainy,20.6,21.3,82,27.4,4.7,17
W0181,2024-06-29,Saturday,June,2024,Monsoon,Rainy,25.1,25.6,84,35,5.7,18
W0182,2024-06-30,Sunday,June,2024,Monsoon,Rainy,22.3,23.9,87,8.3,5.8,15
W0183,2024-07-01,Monday,July,2024,Monsoon,Rainy,27.7,28.9,92,25.6,3.9,18
W0184,2024-07-02,Tuesday,July,2024,Monsoon,Drizzle,20.9,22.4,82,2.1,5.9,28
W0185,2024-07-03,Wednesday,July,2024,Monsoon,Rainy,26.6,28,82,5.4,5.6,18
W0186,2024-07-04,Thursday,July,2024,Monsoon,Thunderstorm,27.3,27.4,93,61.6,3.7,25
W0187,2024-07-05,Friday,July,2024,Monsoon,Rainy,26.4,26.7,77,32.9,5,16
W0188,2024-07-06,Saturday,July,2024,Monsoon,Cloudy,26.7,28.7,90,0,11.6,13
W0189,2024-07-07,Sunday,July,2024,Monsoon,Rainy,23.5,24.1,88,38,3.3,21
W0190,2024-07-08,Monday,July,2024,Monsoon,Rainy,26,26.9,75,10.9,4.6,16
W0191,2024-07-09,Tuesday,July,2024,Monsoon,Cloudy,27.3,28.6,75,0,11.7,18
W0192,2024-07-10,Wednesday,July,2024,Monsoon,Thunderstorm,22.4,22.5,80,43.4,1.2,13
W0193,2024-07-11,Thursday,July,2024,Monsoon,Rainy,25.4,25.8,91,48.5,5.4,22
W0194,2024-07-12,Friday,July,2024,Monsoon,Rainy,26.3,26.3,70,29.1,4.4,18
W0195,2024-07-13,Saturday,July,2024,Monsoon,Cloudy,24.7,26.7,90,0,8.4,21
W0196,2024-07-14,Sunday,July,2024,Monsoon,Cloudy,20.2,22.1,87,0,11.7,20
W0197,2024-07-15,Monday,July,2024,Monsoon,Cloudy,20.5,22.2,84,0,10.6,19
W0198,2024-07-16,Tuesday,July,2024,Monsoon,Cloudy,20.4,21.4,71,0,12,19
W0199,2024-07-17,Wednesday,July,2024,Monsoon,Cloudy,21.9,23.8,87,0,9.6,14
W0200,2024-07-18,Thursday,July,2024,Monsoon,Cloudy,27.6,29.7,92,0,9.7,27
W0201,2024-07-19,Friday,July,2024,Monsoon,Rainy,23.3,23.4,73,32.7,5.8,25
W0202,2024-07-20,Saturday,July,2024,Monsoon,Rainy,25.5,26,76,25,3.7,24
W0203,2024-07-21,Sunday,July,2024,Monsoon,Rainy,27.8,27.8,81,45.6,4.9,27
W0204,2024-07-22,Monday,July,2024,Monsoon,Rainy,22.2,23,73,9.1,3.6,24
W0205,2024-07-23,Tuesday,July,2024,Monsoon,Thunderstorm,20.4,19.6,80,69.4,3.4,17
W0206,2024-07-24,Wednesday,July,2024,Monsoon,Thunderstorm,26.6,26.8,87,49.3,3.4,16
W0207,2024-07-25,Thursday,July,2024,Monsoon,Thunderstorm,26.2,27.3,95,33.9,4,10
W0208,2024-07-26,Friday,July,2024,Monsoon,Cloudy,26.4,27.5,73,0,8.5,10
W0209,2024-07-27,Saturday,July,2024,Monsoon,Cloudy,26.3,28.2,88,0,8.1,20
W0210,2024-07-28,Sunday,July,2024,Monsoon,Cloudy,21,22.6,83,0,8.5,26
W0211,2024-07-29,Monday,July,2024,Monsoon,Cloudy,23.6,25.2,81,0,10.4,26
W0212,2024-07-30,Tuesday,July,2024,Monsoon,Cloudy,21.8,23.8,89,0,10.9,11
W0213,2024-07-31,Wednesday,July,2024,Monsoon,Cloudy,22.4,24.4,90,0,8.2,10
W0214,2024-08-01,Thursday,August,2024,Monsoon,Cloudy,23.2,25.2,91,0,10,13
W0215,2024-08-02,Friday,August,2024,Monsoon,Rainy,20.6,22.3,89,8,3.8,14
W0216,2024-08-03,Saturday,August,2024,Monsoon,Cloudy,22.6,24.6,89,0,9.2,26
W0217,2024-08-04,Sunday,August,2024,Monsoon,Cloudy,23.4,25.6,95,0,11.4,13
W0218,2024-08-05,Monday,August,2024,Monsoon,Cloudy,25.8,27.1,76,0,9.8,23
W0219,2024-08-06,Tuesday,August,2024,Monsoon,Cloudy,22.7,24.4,84,0,9.7,22
W0220,2024-08-07,Wednesday,August,2024,Monsoon,Cloudy,23.4,25.4,91,0,9.5,18
W0221,2024-08-08,Thursday,August,2024,Monsoon,Cloudy,27.4,28.5,72,0,11.3,12
W0222,2024-08-09,Friday,August,2024,Monsoon,Cloudy,20.8,22.9,93,0,11.2,21
W0223,2024-08-10,Saturday,August,2024,Monsoon,Cloudy,24.7,26.6,87,0,9.3,27
W0224,2024-08-11,Sunday,August,2024,Monsoon,Cloudy,22.8,24.9,91,0,11.5,23
W0225,2024-08-12,Monday,August,2024,Monsoon,Thunderstorm,24.8,24.7,81,48.9,1.6,13
W0226,2024-08-13,Tuesday,August,2024,Monsoon,Rainy,20.9,22.4,87,10.2,3.8,21
W0227,2024-08-14,Wednesday,August,2024,Monsoon,Rainy,23.4,25,87,6.2,5.8,27
W0228,2024-08-15,Thursday,August,2024,Monsoon,Rainy,21.4,21.9,92,46.5,4.1,19
W0229,2024-08-16,Friday,August,2024,Monsoon,Rainy,21.1,22.9,91,8.1,5.2,22
W0230,2024-08-17,Saturday,August,2024,Monsoon,Rainy,24.2,25,82,25.4,3.5,23
W0231,2024-08-18,Sunday,August,2024,Monsoon,Rainy,22.6,23,88,44.8,3.5,12
W0232,2024-08-19,Monday,August,2024,Monsoon,Rainy,20.7,21.5,84,26.9,4.3,23
W0233,2024-08-20,Tuesday,August,2024,Monsoon,Rainy,26,26.3,73,24.3,3.8,21
W0234,2024-08-21,Wednesday,August,2024,Monsoon,Cloudy,25.3,26.4,71,0,9.6,17
W0235,2024-08-22,Thursday,August,2024,Monsoon,Cloudy,20.1,21.6,79,0,11.1,16
W0236,2024-08-23,Friday,August,2024,Monsoon,Rainy,21,22.3,85,12.9,4.1,23
W0237,2024-08-24,Saturday,August,2024,Monsoon,Cloudy,26.7,28.9,95,0,8.3,21
W0238,2024-08-25,Sunday,August,2024,Monsoon,Rainy,20.1,20.2,72,30.9,4.7,20
W0239,2024-08-26,Monday,August,2024,Monsoon,Rainy,20.9,21.5,70,12.7,5.8,20
W0240,2024-08-27,Tuesday,August,2024,Monsoon,Rainy,25.5,26.2,81,24.7,3.3,12
W0241,2024-08-28,Wednesday,August,2024,Monsoon,Rainy,23.2,22.8,72,44.2,5.2,22
W0242,2024-08-29,Thursday,August,2024,Monsoon,Rainy,26.2,26.2,72,33.5,4.6,26
W0243,2024-08-30,Friday,August,2024,Monsoon,Rainy,26.2,27.2,81,15.6,3.4,14
W0244,2024-08-31,Saturday,August,2024,Monsoon,Rainy,24.8,26.6,94,13,5.3,12
W0245,2024-09-01,Sunday,September,2024,Monsoon,Rainy,26,27.4,94,25.2,5.8,28
W0246,2024-09-02,Monday,September,2024,Monsoon,Rainy,25.1,25.6,89,43.9,4.9,20
W0247,2024-09-03,Tuesday,September,2024,Monsoon,Rainy,20.5,20.8,84,40.8,4.8,19
W0248,2024-09-04,Wednesday,September,2024,Monsoon,Rainy,20.6,22.1,84,6.7,4.1,24
W0249,2024-09-05,Thursday,September,2024,Monsoon,Rainy,25.2,25.6,72,22.3,4.7,26
W0250,2024-09-06,Friday,September,2024,Monsoon,Cloudy,20.3,22.6,95,0,10.6,28
W0251,2024-09-07,Saturday,September,2024,Monsoon,Cloudy,23.8,25,74,0,9.8,11
W0252,2024-09-08,Sunday,September,2024,Monsoon,Drizzle,27.9,28.9,72,3.4,5.1,26
W0253,2024-09-09,Monday,September,2024,Monsoon,Thunderstorm,24.2,24.9,89,38.2,3.8,15
W0254,2024-09-10,Tuesday,September,2024,Monsoon,Thunderstorm,26.2,26.3,91,59.5,2.9,11
W0255,2024-09-11,Wednesday,September,2024,Monsoon,Thunderstorm,20.8,21.7,91,34.2,3.2,22
W0256,2024-09-12,Thursday,September,2024,Monsoon,Drizzle,27,28.4,80,3.1,5.4,12
W0257,2024-09-13,Friday,September,2024,Monsoon,Drizzle,27.7,29.8,92,1.1,7.1,22
W0258,2024-09-14,Saturday,September,2024,Monsoon,Drizzle,24.5,26.4,90,4.2,7,20
W0259,2024-09-15,Sunday,September,2024,Monsoon,Cloudy,25.5,27.3,86,0,10.6,12
W0260,2024-09-16,Monday,September,2024,Monsoon,Cloudy,22.9,24.4,81,0,8.7,19
W0261,2024-09-17,Tuesday,September,2024,Monsoon,Cloudy,27.6,29.4,85,0,8.9,16
W0262,2024-09-18,Wednesday,September,2024,Monsoon,Cloudy,20.6,22.9,95,0,10,13
W0263,2024-09-19,Thursday,September,2024,Monsoon,Cloudy,25.9,27.7,86,0,10.6,11
W0264,2024-09-20,Friday,September,2024,Monsoon,Cloudy,24.8,26,74,0,8.7,15
W0265,2024-09-21,Saturday,September,2024,Monsoon,Cloudy,27.2,29.3,93,0,8.2,24
W0266,2024-09-22,Sunday,September,2024,Monsoon,Cloudy,25.8,27.5,84,0,11,19
W0267,2024-09-23,Monday,September,2024,Monsoon,Rainy,21.9,22.6,95,45.7,3.6,25
W0268,2024-09-24,Tuesday,September,2024,Monsoon,Cloudy,23.5,25.7,94,0,11.1,19
W0269,2024-09-25,Wednesday,September,2024,Monsoon,Cloudy,23.3,24.6,75,0,11.2,16
W0270,2024-09-26,Thursday,September,2024,Monsoon,Cloudy,22,24,90,0,11.5,25
W0271,2024-09-27,Friday,September,2024,Monsoon,Cloudy,20.8,22.6,86,0,9.1,13
W0272,2024-09-28,Saturday,September,2024,Monsoon,Rainy,27.2,28.1,74,9.1,5.7,23
W0273,2024-09-29,Sunday,September,2024,Monsoon,Drizzle,27.4,29,83,2.3,6.1,11
W0274,2024-09-30,Monday,September,2024,Monsoon,Drizzle,20.7,22,77,1.9,5.3,10
W0275,2024-10-01,Tuesday,October,2024,Post-Monsoon,Cloudy,23.2,23.5,56,0,11.7,12
W0276,2024-10-02,Wednesday,October,2024,Post-Monsoon,Cloudy,28.6,30.1,79,0,9.8,15
W0277,2024-10-03,Thursday,October,2024,Post-Monsoon,Cloudy,22.6,23.2,63,0,11.3,11
W0278,2024-10-04,Friday,October,2024,Post-Monsoon,Cloudy,27.8,28.9,71,0,8.4,14
W0279,2024-10-05,Saturday,October,2024,Post-Monsoon,Cloudy,24.4,24.7,56,0,9.7,11
W0280,2024-10-06,Sunday,October,2024,Post-Monsoon,Sunny,22.9,23.9,70,0,12.7,17
W0281,2024-10-07,Monday,October,2024,Post-Monsoon,Sunny,27.7,28.4,64,0,10,14
W0282,2024-10-08,Tuesday,October,2024,Post-Monsoon,Sunny,26.6,27.1,60,0,13.3,18
W0283,2024-10-09,Wednesday,October,2024,Post-Monsoon,Sunny,24.9,25.9,71,0,12.5,16
W0284,2024-10-10,Thursday,October,2024,Post-Monsoon,Sunny,25.1,26.1,70,0,13.2,8
W0285,2024-10-11,Friday,October,2024,Post-Monsoon,Cloudy,22.1,23.6,80,0,9.4,9
W0286,2024-10-12,Saturday,October,2024,Post-Monsoon,Sunny,28.2,29.6,78,0,10.7,13
W0287,2024-10-13,Sunday,October,2024,Post-Monsoon,Sunny,24.7,25.9,75,0,14.2,10
W0288,2024-10-14,Monday,October,2024,Post-Monsoon,Drizzle,25.8,26.3,60,0.8,7.3,10
W0289,2024-10-15,Tuesday,October,2024,Post-Monsoon,Drizzle,24.3,24.5,56,4.5,5.9,11
W0290,2024-10-16,Wednesday,October,2024,Post-Monsoon,Drizzle,25.2,26.2,72,1.6,7.3,15
W0291,2024-10-17,Thursday,October,2024,Post-Monsoon,Drizzle,24.9,26.2,79,4.4,6,8
W0292,2024-10-18,Friday,October,2024,Post-Monsoon,Drizzle,24.9,25.6,67,4.5,6.2,15
W0293,2024-10-19,Saturday,October,2024,Post-Monsoon,Sunny,26,27.5,80,0,11.3,16
W0294,2024-10-20,Sunday,October,2024,Post-Monsoon,Sunny,25.4,26.3,68,0,15,17
W0295,2024-10-21,Monday,October,2024,Post-Monsoon,Sunny,24.4,24.8,58,0,11.6,9
W0296,2024-10-22,Tuesday,October,2024,Post-Monsoon,Sunny,25.6,27,77,0,10.8,14
W0297,2024-10-23,Wednesday,October,2024,Post-Monsoon,Sunny,25.6,27,78,0,13.1,13
W0298,2024-10-24,Thursday,October,2024,Post-Monsoon,Sunny,27.1,28.6,80,0,10.4,8
W0299,2024-10-25,Friday,October,2024,Post-Monsoon,Cloudy,28.4,29.7,76,0,11.8,10
W0300,2024-10-26,Saturday,October,2024,Post-Monsoon,Cloudy,26.9,28.4,80,0,8.1,15
W0301,2024-10-27,Sunday,October,2024,Post-Monsoon,Cloudy,28.2,29,66,0,9.5,13
W0302,2024-10-28,Monday,October,2024,Post-Monsoon,Cloudy,26.8,28.1,76,0,11.8,15
W0303,2024-10-29,Tuesday,October,2024,Post-Monsoon,Cloudy,28.1,29.2,73,0,10.1,10
W0304,2024-10-30,Wednesday,October,2024,Post-Monsoon,Cloudy,27.2,27.8,62,0,8.1,9
W0305,2024-10-31,Thursday,October,2024,Post-Monsoon,Cloudy,26.1,27.2,72,0,9,9
W0306,2024-11-01,Friday,November,2024,Post-Monsoon,Cloudy,25.6,26.8,74,0,10.8,12
W0307,2024-11-02,Saturday,November,2024,Post-Monsoon,Cloudy,23.1,23.5,57,0,8.7,15
W0308,2024-11-03,Sunday,November,2024,Post-Monsoon,Drizzle,28.5,29.2,65,2.1,5.2,18
W0309,2024-11-04,Monday,November,2024,Post-Monsoon,Drizzle,29.1,29.6,60,1.3,6.1,18
W0310,2024-11-05,Tuesday,November,2024,Post-Monsoon,Drizzle,29.9,31.3,80,1.6,6.5,10
W0311,2024-11-06,Wednesday,November,2024,Post-Monsoon,Drizzle,26.6,27.5,69,1.1,7.7,16
W0312,2024-11-07,Thursday,November,2024,Post-Monsoon,Drizzle,25.2,26.5,77,2.9,7.3,15
W0313,2024-11-08,Friday,November,2024,Post-Monsoon,Cloudy,29.8,31.1,75,0,9.8,9
W0314,2024-11-09,Saturday,November,2024,Post-Monsoon,Cloudy,29,30.4,79,0,10.6,16
W0315,2024-11-10,Sunday,November,2024,Post-Monsoon,Cloudy,29.7,30.6,68,0,11.6,16
W0316,2024-11-11,Monday,November,2024,Post-Monsoon,Cloudy,23,23.4,59,0,8.7,12
W0317,2024-11-12,Tuesday,November,2024,Post-Monsoon,Cloudy,27.7,28.5,66,0,11.6,16
W0318,2024-11-13,Wednesday,November,2024,Post-Monsoon,Cloudy,27.1,28.2,72,0,8.5,12
W0319,2024-11-14,Thursday,November,2024,Post-Monsoon,Cloudy,26.3,27.4,71,0,8.7,18
W0320,2024-11-15,Friday,November,2024,Post-Monsoon,Cloudy,27.3,28.7,78,0,9.4,17
W0321,2024-11-16,Saturday,November,2024,Post-Monsoon,Cloudy,28.9,29.2,57,0,11.8,8
W0322,2024-11-17,Sunday,November,2024,Post-Monsoon,Cloudy,23.7,24.8,73,0,10.5,14
W0323,2024-11-18,Monday,November,2024,Post-Monsoon,Cloudy,29.1,30.2,72,0,10.6,12
W0324,2024-11-19,Tuesday,November,2024,Post-Monsoon,Cloudy,24,25.5,80,0,9.6,18
W0325,2024-11-20,Wednesday,November,2024,Post-Monsoon,Cloudy,27.5,28,60,0,9.7,15
W0326,2024-11-21,Thursday,November,2024,Post-Monsoon,Cloudy,24.7,25.1,59,0,11.4,13
W0327,2024-11-22,Friday,November,2024,Post-Monsoon,Cloudy,29.9,30.7,66,0,8.5,14
W0328,2024-11-23,Saturday,November,2024,Post-Monsoon,Cloudy,26.5,27.2,65,0,9.9,11
W0329,2024-11-24,Sunday,November,2024,Post-Monsoon,Cloudy,24,24.4,58,0,9.2,8
W0330,2024-11-25,Monday,November,2024,Post-Monsoon,Cloudy,26.9,27.5,62,0,11.3,10
W0331,2024-11-26,Tuesday,November,2024,Post-Monsoon,Sunny,23.5,24,60,0,15,15
W0332,2024-11-27,Wednesday,November,2024,Post-Monsoon,Sunny,29,30,70,0,10.5,8
W0333,2024-11-28,Thursday,November,2024,Post-Monsoon,Sunny,25.7,26.3,62,0,12.9,11
W0334,2024-11-29,Friday,November,2024,Post-Monsoon,Sunny,24.3,25.5,74,0,13.4,18
W0335,2024-11-30,Saturday,November,2024,Post-Monsoon,Sunny,22.1,22.5,58,0,10.7,14
W0336,2024-12-01,Sunday,December,2024,Winter,Sunny,23.3,23.7,57,0,10.2,11
W0337,2024-12-02,Monday,December,2024,Winter,Sunny,25.1,25.4,56,0,11.4,14
W0338,2024-12-03,Tuesday,December,2024,Winter,Sunny,24.1,24.7,62,0,14.1,10
W0339,2024-12-04,Wednesday,December,2024,Winter,Cloudy,21.2,21.1,48,0,9.5,12
W0340,2024-12-05,Thursday,December,2024,Winter,Sunny,23.3,23.2,49,0,13,9
W0341,2024-12-06,Friday,December,2024,Winter,Sunny,20.4,20.2,46,0,13.6,8
W0342,2024-12-07,Saturday,December,2024,Winter,Sunny,21.3,21.9,61,0,11.6,8
W0343,2024-12-08,Sunday,December,2024,Winter,Sunny,28.9,29.8,68,0,13,10
W0344,2024-12-09,Monday,December,2024,Winter,Sunny,24.6,25.1,60,0,12.4,10
W0345,2024-12-10,Tuesday,December,2024,Winter,Sunny,23,22.9,48,0,12.9,12
W0346,2024-12-11,Wednesday,December,2024,Winter,Cloudy,26.2,25.9,45,0,9.1,13
W0347,2024-12-12,Thursday,December,2024,Winter,Drizzle,25.2,25.2,52,3.1,5.5,6
W0348,2024-12-13,Friday,December,2024,Winter,Cloudy,27.6,27.6,49,0,8.1,9
W0349,2024-12-14,Saturday,December,2024,Winter,Sunny,20.2,20.4,55,0,10.8,12
W0350,2024-12-15,Sunday,December,2024,Winter,Sunny,27,27.5,60,0,13.5,6
W0351,2024-12-16,Monday,December,2024,Winter,Sunny,25,25.8,66,0,12.6,13
W0352,2024-12-17,Tuesday,December,2024,Winter,Sunny,21.6,22.2,62,0,12.7,11
W0353,2024-12-18,Wednesday,December,2024,Winter,Cloudy,26.1,27.1,70,0,10.4,10
W0354,2024-12-19,Thursday,December,2024,Winter,Cloudy,22.2,22.8,62,0,8.9,10
W0355,2024-12-20,Friday,December,2024,Winter,Sunny,22.6,22.7,51,0,11.6,13
W0356,2024-12-21,Saturday,December,2024,Winter,Sunny,28.4,29.4,70,0,11.4,10
W0357,2024-12-22,Sunday,December,2024,Winter,Sunny,24.9,25.2,57,0,14.8,11
W0358,2024-12-23,Monday,December,2024,Winter,Sunny,22.6,23.5,67,0,11.7,7
W0359,2024-12-24,Tuesday,December,2024,Winter,Sunny,22.3,22.8,60,0,11,9
W0360,2024-12-25,Wednesday,December,2024,Winter,Sunny,28.4,29.2,67,0,10.7,10
W0361,2024-12-26,Thursday,December,2024,Winter,Sunny,22.2,23,66,0,11.1,14
W0362,2024-12-27,Friday,December,2024,Winter,Sunny,20.9,21.1,55,0,10.5,13
W0363,2024-12-28,Saturday,December,2024,Winter,Sunny,25,25,50,0,13.3,12
W0364,2024-12-29,Sunday,December,2024,Winter,Sunny,25.9,26.8,69,0,11.6,10
W0365,2024-12-30,Monday,December,2024,Winter,Cloudy,20.8,21.4,63,0,10.1,9
W0366,2024-12-31,Tuesday,December,2024,Winter,Cloudy,28.2,28.2,50,0,11.5,12
W0367,2025-01-01,Wednesday,January,2025,Winter,Cloudy,28.3,28.7,57,0,8.7,13
W0368,2025-01-02,Thursday,January,2025,Winter,Cloudy,22.6,22.4,46,0,9.2,6
W0369,2025-01-03,Friday,January,2025,Winter,Cloudy,23,23.4,59,0,10.1,14
W0370,2025-01-04,Saturday,January,2025,Winter,Sunny,24.5,24.6,53,0,14,9
W0371,2025-01-05,Sunday,January,2025,Winter,Sunny,26.6,27.4,65,0,13.6,10
W0372,2025-01-06,Monday,January,2025,Winter,Sunny,23,23.2,54,0,10.9,9
W0373,2025-01-07,Tuesday,January,2025,Winter,Cloudy,27.4,27.9,61,0,8.3,11
W0374,2025-01-08,Wednesday,January,2025,Winter,Sunny,21.3,21.6,55,0,10,9
W0375,2025-01-09,Thursday,January,2025,Winter,Sunny,24,24.1,53,0,11.5,11
W0376,2025-01-10,Friday,January,2025,Winter,Sunny,25.9,26.8,67,0,10.3,9
W0377,2025-01-11,Saturday,January,2025,Winter,Sunny,22.8,23.2,57,0,14.6,14
W0378,2025-01-12,Sunday,January,2025,Winter,Cloudy,26.2,26.9,65,0,9.5,10
W0379,2025-01-13,Monday,January,2025,Winter,Cloudy,28.6,29.1,60,0,9.8,8
W0380,2025-01-14,Tuesday,January,2025,Winter,Sunny,26.3,26.8,60,0,14,14
W0381,2025-01-15,Wednesday,January,2025,Winter,Cloudy,26.1,26.8,64,0,10.1,7
W0382,2025-01-16,Thursday,January,2025,Winter,Cloudy,23.3,23.9,63,0,8.2,7
W0383,2025-01-17,Friday,January,2025,Winter,Cloudy,24.5,25.1,63,0,8.6,14
W0384,2025-01-18,Saturday,January,2025,Winter,Cloudy,24.7,24.6,48,0,10.9,9
W0385,2025-01-19,Sunday,January,2025,Winter,Cloudy,28.1,28.6,59,0,9.8,6
W0386,2025-01-20,Monday,January,2025,Winter,Cloudy,24.1,23.9,46,0,9.8,14
W0387,2025-01-21,Tuesday,January,2025,Winter,Cloudy,23.6,23.4,45,0,10.3,9
W0388,2025-01-22,Wednesday,January,2025,Winter,Cloudy,23.1,23,47,0,12,14
W0389,2025-01-23,Thursday,January,2025,Winter,Sunny,28.4,28.2,46,0,12,10
W0390,2025-01-24,Friday,January,2025,Winter,Cloudy,28.8,29.6,65,0,9.5,12
W0391,2025-01-25,Saturday,January,2025,Winter,Sunny,28.3,28.7,57,0,10.4,12
W0392,2025-01-26,Sunday,January,2025,Winter,Cloudy,21.2,21.5,56,0,8.7,7
W0393,2025-01-27,Monday,January,2025,Winter,Cloudy,24.8,25.7,68,0,11.3,9
W0394,2025-01-28,Tuesday,January,2025,Winter,Drizzle,24.2,25,68,2.4,6.1,14
W0395,2025-01-29,Wednesday,January,2025,Winter,Drizzle,24.1,24,49,1.3,7.6,10
W0396,2025-01-30,Thursday,January,2025,Winter,Sunny,25.9,26.6,64,0,11.2,6
W0397,2025-01-31,Friday,January,2025,Winter,Sunny,25.3,25.8,59,0,11.2,6
W0398,2025-02-01,Saturday,February,2025,Winter,Sunny,24,24.6,62,0,13.8,9
W0399,2025-02-02,Sunday,February,2025,Winter,Sunny,28.9,29,52,0,12.9,11
W0400,2025-02-03,Monday,February,2025,Winter,Cloudy,22.1,22.1,49,0,8.9,14
W0401,2025-02-04,Tuesday,February,2025,Winter,Cloudy,20.5,21.1,63,0,10.5,8
W0402,2025-02-05,Wednesday,February,2025,Winter,Cloudy,24.5,24.8,56,0,11.1,12
W0403,2025-02-06,Thursday,February,2025,Winter,Cloudy,23.7,23.6,49,0,9.5,10
W0404,2025-02-07,Friday,February,2025,Winter,Sunny,27.6,27.8,54,0,14,8
W0405,2025-02-08,Saturday,February,2025,Winter,Sunny,28.7,29.3,62,0,10.7,14
W0406,2025-02-09,Sunday,February,2025,Winter,Sunny,21.8,22.6,65,0,14.6,7
W0407,2025-02-10,Monday,February,2025,Winter,Sunny,26.5,26.6,51,0,11.3,6
W0408,2025-02-11,Tuesday,February,2025,Winter,Cloudy,27.9,27.9,51,0,8.9,14
W0409,2025-02-12,Wednesday,February,2025,Winter,Cloudy,28.2,28.4,54,0,8.8,6
W0410,2025-02-13,Thursday,February,2025,Winter,Cloudy,26.7,27.6,68,0,11.7,13
W0411,2025-02-14,Friday,February,2025,Winter,Cloudy,23.6,23.7,52,0,9.3,14
W0412,2025-02-15,Saturday,February,2025,Winter,Cloudy,24.2,24.9,65,0,9.2,11
W0413,2025-02-16,Sunday,February,2025,Winter,Cloudy,27.9,28.3,59,0,11.2,7
W0414,2025-02-17,Monday,February,2025,Winter,Cloudy,22.9,22.9,51,0,9.3,11
W0415,2025-02-18,Tuesday,February,2025,Winter,Cloudy,27.8,28.7,68,0,8.1,8
W0416,2025-02-19,Wednesday,February,2025,Winter,Cloudy,25.3,26.2,68,0,9.2,12
W0417,2025-02-20,Thursday,February,2025,Winter,Cloudy,22.1,22.8,63,0,10,9
W0418,2025-02-21,Friday,February,2025,Winter,Cloudy,22.3,22.8,60,0,9.8,13
W0419,2025-02-22,Saturday,February,2025,Winter,Sunny,21.3,21.9,62,0,10.9,13
W0420,2025-02-23,Sunday,February,2025,Winter,Drizzle,28.6,29,61,4.3,5.2,6
W0421,2025-02-24,Monday,February,2025,Winter,Sunny,20.1,20.1,49,0,10.3,9
W0422,2025-02-25,Tuesday,February,2025,Winter,Sunny,22,22.4,59,0,10.3,11
W0423,2025-02-26,Wednesday,February,2025,Winter,Cloudy,28.2,29,66,0,8.1,13
W0424,2025-02-27,Thursday,February,2025,Winter,Cloudy,23.7,23.4,45,0,10.9,14
W0425,2025-02-28,Friday,February,2025,Winter,Cloudy,22.6,23.2,61,0,11.2,12
W0426,2025-03-01,Saturday,March,2025,Summer,Sunny,28.9,28.3,39,0,11,11
W0427,2025-03-02,Sunday,March,2025,Summer,Sunny,35.3,34.9,43,0,10.4,14
W0428,2025-03-03,Monday,March,2025,Summer,Sunny,30.2,30.6,57,0,11.5,11
W0429,2025-03-04,Tuesday,March,2025,Summer,Sunny,36.9,37.1,55,0,10.5,8
W0430,2025-03-05,Wednesday,March,2025,Summer,Sunny,33,32.3,36,0,10,18
W0431,2025-03-06,Thursday,March,2025,Summer,Sunny,32.5,32.4,48,0,13.9,18
W0432,2025-03-07,Friday,March,2025,Summer,Sunny,35.7,35.1,38,0,14.6,16
W0433,2025-03-08,Saturday,March,2025,Summer,Sunny,36.1,36.5,57,0,12.4,17
W0434,2025-03-09,Sunday,March,2025,Summer,Sunny,28.7,28.3,43,0,12.8,16
W0435,2025-03-10,Monday,March,2025,Summer,Sunny,36.4,36.1,45,0,14.8,8
W0436,2025-03-11,Tuesday,March,2025,Summer,Sunny,34.8,35.1,57,0,14.6,14
W0437,2025-03-12,Wednesday,March,2025,Summer,Sunny,33.1,33.2,53,0,13.4,14
W0438,2025-03-13,Thursday,March,2025,Summer,Sunny,31.5,31.9,58,0,14,10
W0439,2025-03-14,Friday,March,2025,Summer,Sunny,34.7,34.5,46,0,10.5,8
W0440,2025-03-15,Saturday,March,2025,Summer,Sunny,28.7,28.9,54,0,14.8,17
W0441,2025-03-16,Sunday,March,2025,Summer,Sunny,35,34.2,35,0,11.4,18
W0442,2025-03-17,Monday,March,2025,Summer,Sunny,31.2,31.1,47,0,10.9,14
W0443,2025-03-18,Tuesday,March,2025,Summer,Sunny,31.4,31.8,59,0,11.5,17
W0444,2025-03-19,Wednesday,March,2025,Summer,Sunny,28.7,28.3,43,0,11.9,10
W0445,2025-03-20,Thursday,March,2025,Summer,Sunny,31.5,31.3,46,0,10.5,9
W0446,2025-03-21,Friday,March,2025,Summer,Sunny,34.9,34.3,38,0,10.4,10
W0447,2025-03-22,Saturday,March,2025,Summer,Sunny,33,33,51,0,10.5,14
W0448,2025-03-23,Sunday,March,2025,Summer,Sunny,33,33.2,54,0,13.9,17
W0449,2025-03-24,Monday,March,2025,Summer,Sunny,31.7,32.1,59,0,13.6,9
W0450,2025-03-25,Tuesday,March,2025,Summer,Sunny,36.9,36.5,42,0,12.6,17
W0451,2025-03-26,Wednesday,March,2025,Summer,Sunny,30.4,30,43,0,10.7,15
W0452,2025-03-27,Thursday,March,2025,Summer,Sunny,30.5,30.2,44,0,13.9,15
W0453,2025-03-28,Friday,March,2025,Summer,Sunny,36.5,36.9,58,0,12.5,18
W0454,2025-03-29,Saturday,March,2025,Summer,Sunny,29.2,28.4,35,0,11.7,14
W0455,2025-03-30,Sunday,March,2025,Summer,Cloudy,31,30.8,45,0,11.3,14
W0456,2025-03-31,Monday,March,2025,Summer,Thunderstorm,29.2,26.7,45,67.4,1.6,17
W0457,2025-04-01,Tuesday,April,2025,Summer,Thunderstorm,36.7,34.6,45,56.7,2.9,12
W0458,2025-04-02,Wednesday,April,2025,Summer,Cloudy,30.9,30.5,43,0,9.5,14
W0459,2025-04-03,Thursday,April,2025,Summer,Sunny,37,36.5,40,0,13.8,18
W0460,2025-04-04,Friday,April,2025,Summer,Sunny,34.5,34.9,57,0,12.2,11
W0461,2025-04-05,Saturday,April,2025,Summer,Sunny,34.2,34.7,60,0,13.4,14
W0462,2025-04-06,Sunday,April,2025,Summer,Sunny,30.7,30.3,43,0,10.8,18
W0463,2025-04-07,Monday,April,2025,Summer,Sunny,31.4,31.3,49,0,12.4,17
W0464,2025-04-08,Tuesday,April,2025,Summer,Sunny,32.6,33,57,0,12.7,14
W0465,2025-04-09,Wednesday,April,2025,Summer,Sunny,36.1,36.2,52,0,13.2,17
W0466,2025-04-10,Thursday,April,2025,Summer,Sunny,34.9,35.2,56,0,11.8,18
W0467,2025-04-11,Friday,April,2025,Summer,Sunny,36.9,37.2,56,0,12,18
W0468,2025-04-12,Saturday,April,2025,Summer,Thunderstorm,31.9,30.1,35,32.9,2.5,9
W0469,2025-04-13,Sunday,April,2025,Summer,Thunderstorm,33.2,31.9,53,42.3,2.2,11
W0470,2025-04-14,Monday,April,2025,Summer,Sunny,32.5,32.3,46,0,12.4,8
W0471,2025-04-15,Tuesday,April,2025,Summer,Sunny,36.3,35.6,37,0,14.2,9
W0472,2025-04-16,Wednesday,April,2025,Summer,Sunny,31.1,31.6,60,0,12.6,11
W0473,2025-04-17,Thursday,April,2025,Summer,Sunny,28.9,29.3,58,0,11.6,15
W0474,2025-04-18,Friday,April,2025,Summer,Sunny,35.3,34.7,38,0,14.2,8
W0475,2025-04-19,Saturday,April,2025,Summer,Sunny,29.5,29.9,58,0,12.6,11
W0476,2025-04-20,Sunday,April,2025,Summer,Sunny,31,30.9,48,0,11.2,15
W0477,2025-04-21,Monday,April,2025,Summer,Sunny,29.7,29.9,55,0,12.2,18
W0478,2025-04-22,Tuesday,April,2025,Summer,Sunny,33.5,33,41,0,13,15
W0479,2025-04-23,Wednesday,April,2025,Summer,Sunny,34.3,33.8,41,0,13.8,12
W0480,2025-04-24,Thursday,April,2025,Summer,Sunny,28.9,29,52,0,11.8,10
W0481,2025-04-25,Friday,April,2025,Summer,Sunny,29,29.3,56,0,12.6,15
W0482,2025-04-26,Saturday,April,2025,Summer,Sunny,33.5,33.6,53,0,11.7,9
W0483,2025-04-27,Sunday,April,2025,Summer,Sunny,35.3,35.6,57,0,14.6,12
W0484,2025-04-28,Monday,April,2025,Summer,Sunny,34,33.8,45,0,11.2,9
W0485,2025-04-29,Tuesday,April,2025,Summer,Sunny,31.4,30.8,39,0,11.9,16
W0486,2025-04-30,Wednesday,April,2025,Summer,Sunny,33.2,33.1,48,0,12.4,10
W0487,2025-05-01,Thursday,May,2025,Summer,Sunny,36.3,35.8,40,0,10.8,16
W0488,2025-05-02,Friday,May,2025,Summer,Sunny,29.7,29.6,49,0,10.3,17
W0489,2025-05-03,Saturday,May,2025,Summer,Sunny,28.1,27.6,39,0,14.1,11
W0490,2025-05-04,Sunday,May,2025,Summer,Sunny,32.5,32.8,56,0,12.1,15
W0491,2025-05-05,Monday,May,2025,Summer,Sunny,28.7,27.9,35,0,11.5,11
W0492,2025-05-06,Tuesday,May,2025,Summer,Sunny,32.8,32.3,40,0,12.8,15
W0493,2025-05-07,Wednesday,May,2025,Summer,Sunny,32.6,32.8,53,0,11.3,9
W0494,2025-05-08,Thursday,May,2025,Summer,Sunny,36.9,37,52,0,13.8,8
W0495,2025-05-09,Friday,May,2025,Summer,Sunny,30,29.9,48,0,13.7,9
W0496,2025-05-10,Saturday,May,2025,Summer,Sunny,35.9,35.2,36,0,11.3,15
W0497,2025-05-11,Sunday,May,2025,Summer,Sunny,35.8,35.2,38,0,11,11
W0498,2025-05-12,Monday,May,2025,Summer,Sunny,35.7,35.9,54,0,12.1,18
W0499,2025-05-13,Tuesday,May,2025,Summer,Cloudy,35.3,35.8,60,0,10.3,8
W0500,2025-05-14,Wednesday,May,2025,Summer,Cloudy,33.4,32.9,40,0,11.9,13
W0501,2025-05-15,Thursday,May,2025,Summer,Cloudy,33.2,33.2,51,0,11.3,18
W0502,2025-05-16,Friday,May,2025,Summer,Cloudy,34.8,34.7,48,0,12,8
W0503,2025-05-17,Saturday,May,2025,Summer,Sunny,35.8,35.4,42,0,13.6,10
W0504,2025-05-18,Sunday,May,2025,Summer,Cloudy,34.1,34.1,50,0,10.3,10
W0505,2025-05-19,Monday,May,2025,Summer,Cloudy,31.7,31.6,49,0,10.5,9
W0506,2025-05-20,Tuesday,May,2025,Summer,Sunny,32.6,32.2,43,0,12.3,13
W0507,2025-05-21,Wednesday,May,2025,Summer,Sunny,33.2,33.7,59,0,13.7,9
W0508,2025-05-22,Thursday,May,2025,Summer,Sunny,34,33.8,46,0,14,9
W0509,2025-05-23,Friday,May,2025,Summer,Sunny,36.7,36.2,41,0,11.3,15
W0510,2025-05-24,Saturday,May,2025,Summer,Sunny,33.2,33.4,53,0,13.9,15
W0511,2025-05-25,Sunday,May,2025,Summer,Cloudy,28.4,28.6,55,0,8.1,15
W0512,2025-05-26,Monday,May,2025,Summer,Sunny,32.1,32,48,0,15,11
W0513,2025-05-27,Tuesday,May,2025,Summer,Cloudy,30.7,30.3,43,0,10.6,9
W0514,2025-05-28,Wednesday,May,2025,Summer,Cloudy,31.3,31.6,55,0,8.2,10
W0515,2025-05-29,Thursday,May,2025,Summer,Cloudy,34.8,34.7,48,0,8.4,18
W0516,2025-05-30,Friday,May,2025,Summer,Cloudy,29.9,29.2,37,0,10.4,10
W0517,2025-05-31,Saturday,May,2025,Summer,Cloudy,32,31.2,35,0,11.3,13
W0518,2025-06-01,Sunday,June,2025,Monsoon,Rainy,21.1,21.5,72,22.2,5.2,17
W0519,2025-06-02,Monday,June,2025,Monsoon,Rainy,22.5,23.2,79,22.2,5.4,14
W0520,2025-06-03,Tuesday,June,2025,Monsoon,Cloudy,25.4,26.5,72,0,10.3,26
W0521,2025-06-04,Wednesday,June,2025,Monsoon,Rainy,22.8,22.6,76,46.4,4.8,14
W0522,2025-06-05,Thursday,June,2025,Monsoon,Rainy,21.7,21.6,73,38.9,4.8,14
W0523,2025-06-06,Friday,June,2025,Monsoon,Rainy,27.7,28.7,80,16.2,4.9,14
W0524,2025-06-07,Saturday,June,2025,Monsoon,Rainy,24.8,25.6,93,40.1,5.1,19
W0525,2025-06-08,Sunday,June,2025,Monsoon,Cloudy,22.4,24.2,86,0,8.8,26
W0526,2025-06-09,Monday,June,2025,Monsoon,Cloudy,25.2,27.4,95,0,10,17
W0527,2025-06-10,Tuesday,June,2025,Monsoon,Cloudy,24,25.9,89,0,10.1,12
W0528,2025-06-11,Wednesday,June,2025,Monsoon,Thunderstorm,27.5,26.6,74,63,2.7,22
W0529,2025-06-12,Thursday,June,2025,Monsoon,Thunderstorm,25.5,25.4,94,67.7,3.3,25
W0530,2025-06-13,Friday,June,2025,Monsoon,Thunderstorm,20.5,21.2,78,22,1.2,16
W0531,2025-06-14,Saturday,June,2025,Monsoon,Cloudy,25,26.8,86,0,9.7,23
W0532,2025-06-15,Sunday,June,2025,Monsoon,Cloudy,25.1,27,87,0,9.1,14
W0533,2025-06-16,Monday,June,2025,Monsoon,Cloudy,24.1,25.4,76,0,10.1,14
W0534,2025-06-17,Tuesday,June,2025,Monsoon,Cloudy,25.1,27.1,90,0,9.2,12
W0535,2025-06-18,Wednesday,June,2025,Monsoon,Cloudy,27.6,29,77,0,9,11
W0536,2025-06-19,Thursday,June,2025,Monsoon,Rainy,24.9,24.8,71,35,5,19
W0537,2025-06-20,Friday,June,2025,Monsoon,Rainy,20.1,20.9,74,12.4,5.9,10
W0538,2025-06-21,Saturday,June,2025,Monsoon,Rainy,26.3,28,93,12.5,3.4,18
W0539,2025-06-22,Sunday,June,2025,Monsoon,Rainy,27.1,28.6,94,20.1,4.3,10
W0540,2025-06-23,Monday,June,2025,Monsoon,Rainy,22.1,23.1,88,27.3,4.5,12
W0541,2025-06-24,Tuesday,June,2025,Monsoon,Rainy,26.9,27.7,75,12.1,5.3,21
W0542,2025-06-25,Wednesday,June,2025,Monsoon,Cloudy,20.9,23,93,0,8,26
W0543,2025-06-26,Thursday,June,2025,Monsoon,Rainy,20.4,20.4,81,46.4,3.5,22
W0544,2025-06-27,Friday,June,2025,Monsoon,Rainy,26.4,28,92,15.1,3.7,23
W0545,2025-06-28,Saturday,June,2025,Monsoon,Rainy,26.6,28.2,88,10.4,5,21
W0546,2025-06-29,Sunday,June,2025,Monsoon,Rainy,21.8,22,86,47.9,3.2,11
W0547,2025-06-30,Monday,June,2025,Monsoon,Rainy,22.3,23.5,79,8.9,4.4,20
W0548,2025-07-01,Tuesday,July,2025,Monsoon,Rainy,22.3,23.3,95,38.3,3.7,19
W0549,2025-07-02,Wednesday,July,2025,Monsoon,Rainy,27.8,28.7,94,38,4.6,16
W0550,2025-07-03,Thursday,July,2025,Monsoon,Rainy,27.5,27.5,70,29.4,4.9,17
W0551,2025-07-04,Friday,July,2025,Monsoon,Rainy,22.7,23.5,94,43.2,5.2,22
W0552,2025-07-05,Saturday,July,2025,Monsoon,Rainy,24.2,24.6,77,27.1,3.2,23
W0553,2025-07-06,Sunday,July,2025,Monsoon,Cloudy,20.7,22.1,77,0,9.7,26
W0554,2025-07-07,Monday,July,2025,Monsoon,Cloudy,26,27.9,88,0,10,13
W0555,2025-07-08,Tuesday,July,2025,Monsoon,Rainy,24.7,24.6,71,34.8,3.4,23
W0556,2025-07-09,Wednesday,July,2025,Monsoon,Rainy,26.8,27.8,95,36.5,5.2,22
W0557,2025-07-10,Thursday,July,2025,Monsoon,Rainy,22.2,22.9,72,11.1,5.3,16
W0558,2025-07-11,Friday,July,2025,Monsoon,Rainy,20.8,21.9,84,19.1,3.4,24
W0559,2025-07-12,Saturday,July,2025,Monsoon,Rainy,26.2,27,84,25.9,5.6,19
W0560,2025-07-13,Sunday,July,2025,Monsoon,Rainy,26.5,27.5,79,14.7,5.6,11
W0561,2025-07-14,Monday,July,2025,Monsoon,Rainy,25.7,26.3,81,28.1,5,22
W0562,2025-07-15,Tuesday,July,2025,Monsoon,Rainy,27.9,27.4,70,43.5,4.7,22
W0563,2025-07-16,Wednesday,July,2025,Monsoon,Rainy,20.8,21.6,73,10.5,3.2,14
W0564,2025-07-17,Thursday,July,2025,Monsoon,Rainy,21.6,22,82,35.9,5.8,21
W0565,2025-07-18,Friday,July,2025,Monsoon,Rainy,24.7,24.1,72,49.9,3.6,10
W0566,2025-07-19,Saturday,July,2025,Monsoon,Drizzle,20.7,22.9,95,1.1,7.8,20
W0567,2025-07-20,Sunday,July,2025,Monsoon,Drizzle,27.4,29,83,2.7,6.1,22
W0568,2025-07-21,Monday,July,2025,Monsoon,Drizzle,22.8,24,75,1.8,7.7,18
W0569,2025-07-22,Tuesday,July,2025,Monsoon,Drizzle,25,26.3,77,2.7,7.6,19
W0570,2025-07-23,Wednesday,July,2025,Monsoon,Drizzle,20.7,22.2,82,2.4,6.9,14
W0571,2025-07-24,Thursday,July,2025,Monsoon,Rainy,28,28.2,87,49.5,5.3,10
W0572,2025-07-25,Friday,July,2025,Monsoon,Rainy,24.4,24.6,85,46.1,4.5,21
W0573,2025-07-26,Saturday,July,2025,Monsoon,Rainy,21.4,22.7,80,6.3,5.4,17
W0574,2025-07-27,Sunday,July,2025,Monsoon,Rainy,26.5,27.5,85,21.1,4.8,26
W0575,2025-07-28,Monday,July,2025,Monsoon,Rainy,21.3,22.1,77,17,5.4,17
W0576,2025-07-29,Tuesday,July,2025,Monsoon,Rainy,28,27.9,77,43.1,5.4,28
W0577,2025-07-30,Wednesday,July,2025,Monsoon,Rainy,26.7,27.4,75,15.6,4,15
W0578,2025-07-31,Thursday,July,2025,Monsoon,Rainy,24.7,25.2,92,47.6,4.7,21
W0579,2025-08-01,Friday,August,2025,Monsoon,Rainy,21.5,22.8,95,29.4,3.5,25
W0580,2025-08-02,Saturday,August,2025,Monsoon,Rainy,20.4,22.2,89,5.9,4.4,17
W0581,2025-08-03,Sunday,August,2025,Monsoon,Rainy,24.9,26.5,95,20.3,3.5,14
W0582,2025-08-04,Monday,August,2025,Monsoon,Drizzle,20.5,21.6,74,3.7,5.4,28
W0583,2025-08-05,Tuesday,August,2025,Monsoon,Drizzle,24.2,25.7,81,2.2,7.8,12
W0584,2025-08-06,Wednesday,August,2025,Monsoon,Drizzle,20.8,22.2,79,1.1,5.5,20
W0585,2025-08-07,Thursday,August,2025,Monsoon,Cloudy,27.7,29.7,90,0,8.7,20
W0586,2025-08-08,Friday,August,2025,Monsoon,Cloudy,27.4,29.6,95,0,8.9,21
W0587,2025-08-09,Saturday,August,2025,Monsoon,Cloudy,21.4,22.8,79,0,8.5,19
W0588,2025-08-10,Sunday,August,2025,Monsoon,Drizzle,27.6,29.2,82,0.6,6.8,28
W0589,2025-08-11,Monday,August,2025,Monsoon,Thunderstorm,21.8,21.5,88,66.8,1.4,13
W0590,2025-08-12,Tuesday,August,2025,Monsoon,Rainy,27.9,27.8,75,42,5,12
W0591,2025-08-13,Wednesday,August,2025,Monsoon,Rainy,20.1,20.2,76,36.2,4.1,17
W0592,2025-08-14,Thursday,August,2025,Monsoon,Cloudy,20.4,22.1,84,0,11.9,23
W0593,2025-08-15,Friday,August,2025,Monsoon,Cloudy,23,24.9,87,0,8.4,22
W0594,2025-08-16,Saturday,August,2025,Monsoon,Cloudy,26.9,28.9,90,0,8.7,17
W0595,2025-08-17,Sunday,August,2025,Monsoon,Cloudy,26.8,28.2,79,0,9.3,10
W0596,2025-08-18,Monday,August,2025,Monsoon,Rainy,21.4,21.7,82,37.9,4.6,15
W0597,2025-08-19,Tuesday,August,2025,Monsoon,Rainy,24.8,25.5,89,36.7,4.3,25
W0598,2025-08-20,Wednesday,August,2025,Monsoon,Cloudy,23.5,24.6,71,0,9.3,13
W0599,2025-08-21,Thursday,August,2025,Monsoon,Rainy,24.4,26,93,16.9,3.8,27
W0600,2025-08-22,Friday,August,2025,Monsoon,Rainy,20.4,20.9,88,42.8,3.5,27
W0601,2025-08-23,Saturday,August,2025,Monsoon,Rainy,23.4,24.4,79,14,3.1,25
W0602,2025-08-24,Sunday,August,2025,Monsoon,Rainy,22.3,22,72,43,3.9,25
W0603,2025-08-25,Monday,August,2025,Monsoon,Rainy,23.9,25.6,91,9.1,4.6,18
W0604,2025-08-26,Tuesday,August,2025,Monsoon,Rainy,27.1,27.8,81,25.1,3.8,15
W0605,2025-08-27,Wednesday,August,2025,Monsoon,Rainy,21.8,22.9,78,7.8,5.3,28
W0606,2025-08-28,Thursday,August,2025,Monsoon,Rainy,22.8,23,87,48.7,4.8,23
W0607,2025-08-29,Friday,August,2025,Monsoon,Rainy,26.7,26.9,86,48.5,5.1,23
W0608,2025-08-30,Saturday,August,2025,Monsoon,Cloudy,21.9,23.3,79,0,9.6,12
W0609,2025-08-31,Sunday,August,2025,Monsoon,Rainy,24.6,25.2,86,35.5,4.9,28
W0610,2025-09-01,Monday,September,2025,Monsoon,Rainy,26.1,25.7,75,48.7,5.4,15
W0611,2025-09-02,Tuesday,September,2025,Monsoon,Rainy,23.4,25,91,14.1,5.5,23
W0612,2025-09-03,Wednesday,September,2025,Monsoon,Rainy,24.8,26,80,8.9,4.7,12
W0613,2025-09-04,Thursday,September,2025,Monsoon,Rainy,26.9,27.2,86,46.3,3,24
W0614,2025-09-05,Friday,September,2025,Monsoon,Cloudy,26.3,27.4,73,0,8.6,23
W0615,2025-09-06,Saturday,September,2025,Monsoon,Cloudy,24.7,25.8,73,0,10.3,13
W0616,2025-09-07,Sunday,September,2025,Monsoon,Cloudy,22.3,24.2,87,0,11.5,21
W0617,2025-09-08,Monday,September,2025,Monsoon,Cloudy,25.2,27.1,88,0,8.1,25
W0618,2025-09-09,Tuesday,September,2025,Monsoon,Cloudy,21.2,23.1,89,0,8.2,22
W0619,2025-09-10,Wednesday,September,2025,Monsoon,Rainy,21.9,22.5,93,46.4,5.7,25
W0620,2025-09-11,Thursday,September,2025,Monsoon,Rainy,26.5,27.4,79,17.6,4.5,19
W0621,2025-09-12,Friday,September,2025,Monsoon,Rainy,27,26.6,74,48.8,4.3,19
W0622,2025-09-13,Saturday,September,2025,Monsoon,Rainy,23.3,24.9,90,13.5,3.6,12
W0623,2025-09-14,Sunday,September,2025,Monsoon,Cloudy,26.1,27.7,81,0,10.1,11
W0624,2025-09-15,Monday,September,2025,Monsoon,Cloudy,22.5,24.3,86,0,8.5,22
W0625,2025-09-16,Tuesday,September,2025,Monsoon,Drizzle,20.2,21.4,76,4.3,5.7,16
W0626,2025-09-17,Wednesday,September,2025,Monsoon,Drizzle,27.3,29.3,92,1.7,7.5,16
W0627,2025-09-18,Thursday,September,2025,Monsoon,Drizzle,25.1,26.2,73,1.6,6.5,10
W0628,2025-09-19,Friday,September,2025,Monsoon,Drizzle,27.7,29.3,85,3,6,28
W0629,2025-09-20,Saturday,September,2025,Monsoon,Rainy,26.6,27.5,72,6.2,3.1,19
W0630,2025-09-21,Sunday,September,2025,Monsoon,Cloudy,21.7,23.1,77,0,10.7,17
W0631,2025-09-22,Monday,September,2025,Monsoon,Cloudy,23.3,24.3,70,0,9.9,10
W0632,2025-09-23,Tuesday,September,2025,Monsoon,Cloudy,21.4,23.6,95,0,8.9,10
W0633,2025-09-24,Wednesday,September,2025,Monsoon,Drizzle,25.7,27.7,92,2.4,6.1,18
W0634,2025-09-25,Thursday,September,2025,Monsoon,Drizzle,22,23.6,84,3.5,7.5,19
W0635,2025-09-26,Friday,September,2025,Monsoon,Drizzle,20.8,22.5,86,3,6.8,21
W0636,2025-09-27,Saturday,September,2025,Monsoon,Drizzle,25.5,27.2,85,2,5.8,12
W0637,2025-09-28,Sunday,September,2025,Monsoon,Drizzle,22.2,24.2,90,1.3,6.6,19
W0638,2025-09-29,Monday,September,2025,Monsoon,Drizzle,20.5,22.6,95,3.5,7,22
W0639,2025-09-30,Tuesday,September,2025,Monsoon,Cloudy,28,29.4,78,0,9.6,23
W0640,2025-10-01,Wednesday,October,2025,Post-Monsoon,Sunny,30,30.6,61,0,13.6,13
W0641,2025-10-02,Thursday,October,2025,Post-Monsoon,Sunny,26.3,27.8,80,0,14.5,15
W0642,2025-10-03,Friday,October,2025,Post-Monsoon,Sunny,28.8,30.1,76,0,10.9,16
W0643,2025-10-04,Saturday,October,2025,Post-Monsoon,Sunny,23,23.6,63,0,13.8,16
W0644,2025-10-05,Sunday,October,2025,Post-Monsoon,Sunny,27.4,28.1,65,0,10.4,18
W0645,2025-10-06,Monday,October,2025,Post-Monsoon,Sunny,28,28.7,64,0,13.9,14
W0646,2025-10-07,Tuesday,October,2025,Post-Monsoon,Sunny,24.1,24.8,64,0,14.3,15
W0647,2025-10-08,Wednesday,October,2025,Post-Monsoon,Sunny,28.9,30,73,0,14.7,17
W0648,2025-10-09,Thursday,October,2025,Post-Monsoon,Sunny,29.1,30.2,71,0,14.3,9
W0649,2025-10-10,Friday,October,2025,Post-Monsoon,Sunny,24.4,24.7,56,0,10.7,10
W0650,2025-10-11,Saturday,October,2025,Post-Monsoon,Sunny,25.3,26.4,73,0,10.7,15
W0651,2025-10-12,Sunday,October,2025,Post-Monsoon,Cloudy,22.6,23.4,65,0,11.9,18
W0652,2025-10-13,Monday,October,2025,Post-Monsoon,Cloudy,22.5,23.4,69,0,8.8,12
W0653,2025-10-14,Tuesday,October,2025,Post-Monsoon,Sunny,23.3,24.8,80,0,10.6,9
W0654,2025-10-15,Wednesday,October,2025,Post-Monsoon,Sunny,25.4,26.3,68,0,11.9,15
W0655,2025-10-16,Thursday,October,2025,Post-Monsoon,Sunny,23.6,24.4,66,0,14.5,8
W0656,2025-10-17,Friday,October,2025,Post-Monsoon,Sunny,22.1,22.4,55,0,13.7,18
W0657,2025-10-18,Saturday,October,2025,Post-Monsoon,Sunny,29,29.7,64,0,10.5,10
W0658,2025-10-19,Sunday,October,2025,Post-Monsoon,Sunny,24.4,24.8,57,0,11.5,8
W0659,2025-10-20,Monday,October,2025,Post-Monsoon,Sunny,27.8,29,74,0,11.7,16
W0660,2025-10-21,Tuesday,October,2025,Post-Monsoon,Drizzle,24.7,25.6,70,3.9,5.5,13
W0661,2025-10-22,Wednesday,October,2025,Post-Monsoon,Rainy,22.2,22.3,62,14.5,3.1,10
W0662,2025-10-23,Thursday,October,2025,Post-Monsoon,Rainy,23,23,77,40.6,4.1,18
W0663,2025-10-24,Friday,October,2025,Post-Monsoon,Sunny,27,28.2,74,0,13.3,8
W0664,2025-10-25,Saturday,October,2025,Post-Monsoon,Cloudy,27.5,28.4,68,0,9.5,15
W0665,2025-10-26,Sunday,October,2025,Post-Monsoon,Cloudy,25.8,26.2,59,0,10.8,11
W0666,2025-10-27,Monday,October,2025,Post-Monsoon,Cloudy,27.3,28.6,76,0,9.1,16
W0667,2025-10-28,Tuesday,October,2025,Post-Monsoon,Cloudy,28.6,29,58,0,10.9,16
W0668,2025-10-29,Wednesday,October,2025,Post-Monsoon,Cloudy,22.9,23.3,58,0,8.8,15
W0669,2025-10-30,Thursday,October,2025,Post-Monsoon,Cloudy,24.1,25.2,71,0,9.4,11
W0670,2025-10-31,Friday,October,2025,Post-Monsoon,Cloudy,23.3,24.4,72,0,11.6,15
W0671,2025-11-01,Saturday,November,2025,Post-Monsoon,Sunny,23.9,24.1,55,0,10.4,18
W0672,2025-11-02,Sunday,November,2025,Post-Monsoon,Sunny,26.6,27.6,70,0,14.7,10
W0673,2025-11-03,Monday,November,2025,Post-Monsoon,Cloudy,27.8,28.4,63,0,8.9,18
W0674,2025-11-04,Tuesday,November,2025,Post-Monsoon,Cloudy,25.7,26.1,58,0,11.5,10
W0675,2025-11-05,Wednesday,November,2025,Post-Monsoon,Cloudy,27.4,28.3,68,0,8.4,9
W0676,2025-11-06,Thursday,November,2025,Post-Monsoon,Cloudy,28.8,30.1,76,0,8.7,18
W0677,2025-11-07,Friday,November,2025,Post-Monsoon,Cloudy,25.5,26.7,74,0,11.5,12
W0678,2025-11-08,Saturday,November,2025,Post-Monsoon,Cloudy,28.5,29,60,0,9.6,9
W0679,2025-11-09,Sunday,November,2025,Post-Monsoon,Cloudy,25.1,26.1,70,0,10.6,14
W0680,2025-11-10,Monday,November,2025,Post-Monsoon,Cloudy,27.6,27.9,56,0,8.4,10
W0681,2025-11-11,Tuesday,November,2025,Post-Monsoon,Sunny,26.6,27.6,69,0,13.1,10
W0682,2025-11-12,Wednesday,November,2025,Post-Monsoon,Sunny,28.9,30.3,78,0,12.4,10
W0683,2025-11-13,Thursday,November,2025,Post-Monsoon,Sunny,29.1,30.1,69,0,10.3,8
W0684,2025-11-14,Friday,November,2025,Post-Monsoon,Cloudy,28.9,29.9,71,0,10.9,17
W0685,2025-11-15,Saturday,November,2025,Post-Monsoon,Cloudy,29.6,30.4,65,0,10.1,16
W0686,2025-11-16,Sunday,November,2025,Post-Monsoon,Cloudy,27.3,27.9,62,0,9.4,15
W0687,2025-11-17,Monday,November,2025,Post-Monsoon,Cloudy,28.7,29.8,72,0,8.2,17
W0688,2025-11-18,Tuesday,November,2025,Post-Monsoon,Cloudy,28.8,29.8,70,0,8.3,10
W0689,2025-11-19,Wednesday,November,2025,Post-Monsoon,Cloudy,23.9,24.5,63,0,10,8
W0690,2025-11-20,Thursday,November,2025,Post-Monsoon,Cloudy,25,25.6,62,0,9.8,9
W0691,2025-11-21,Friday,November,2025,Post-Monsoon,Cloudy,28.9,29.8,69,0,8.5,13
W0692,2025-11-22,Saturday,November,2025,Post-Monsoon,Cloudy,27.2,27.6,58,0,9.6,14
W0693,2025-11-23,Sunday,November,2025,Post-Monsoon,Cloudy,22,22.4,57,0,11.9,17
W0694,2025-11-24,Monday,November,2025,Post-Monsoon,Rainy,26.5,26.9,75,25.5,4,18
W0695,2025-11-25,Tuesday,November,2025,Post-Monsoon,Rainy,28.8,28.2,65,39.5,4.8,16
W0696,2025-11-26,Wednesday,November,2025,Post-Monsoon,Cloudy,25.6,26,58,0,8.9,18
W0697,2025-11-27,Thursday,November,2025,Post-Monsoon,Cloudy,28.6,30.1,80,0,10.2,12
W0698,2025-11-28,Friday,November,2025,Post-Monsoon,Cloudy,22.9,23.4,60,0,8.6,15
W0699,2025-11-29,Saturday,November,2025,Post-Monsoon,Sunny,22.9,24.1,74,0,10.9,11
W0700,2025-11-30,Sunday,November,2025,Post-Monsoon,Cloudy,25.7,27.2,80,0,10.9,11
W0701,2025-12-01,Monday,December,2025,Winter,Cloudy,23.7,24.4,65,0,11.1,7
W0702,2025-12-02,Tuesday,December,2025,Winter,Cloudy,25.9,26.4,61,0,11.9,8
W0703,2025-12-03,Wednesday,December,2025,Winter,Cloudy,26.6,27.2,62,0,11.4,12
W0704,2025-12-04,Thursday,December,2025,Winter,Cloudy,24.6,24.6,50,0,10.9,8
W0705,2025-12-05,Friday,December,2025,Winter,Cloudy,23.5,24.2,64,0,10,11
W0706,2025-12-06,Saturday,December,2025,Winter,Cloudy,28.8,29.7,67,0,9.1,9
W0707,2025-12-07,Sunday,December,2025,Winter,Drizzle,24.1,24,49,2.4,7.1,8
W0708,2025-12-08,Monday,December,2025,Winter,Sunny,26.3,26.6,55,0,13.2,14
W0709,2025-12-09,Tuesday,December,2025,Winter,Sunny,25.6,25.8,54,0,14.6,11
W0710,2025-12-10,Wednesday,December,2025,Winter,Sunny,26.4,26.4,50,0,12.7,14
W0711,2025-12-11,Thursday,December,2025,Winter,Cloudy,26.8,27.4,62,0,10.3,13
W0712,2025-12-12,Friday,December,2025,Winter,Cloudy,26.1,26.7,62,0,11.5,10
W0713,2025-12-13,Saturday,December,2025,Winter,Cloudy,20.1,20,48,0,9.5,6
W0714,2025-12-14,Sunday,December,2025,Winter,Cloudy,20.5,20.6,53,0,11.9,8
W0715,2025-12-15,Monday,December,2025,Winter,Sunny,20.6,21.6,70,0,11,10
W0716,2025-12-16,Tuesday,December,2025,Winter,Sunny,23.2,23.6,59,0,13.1,7
W0717,2025-12-17,Wednesday,December,2025,Winter,Sunny,22,22.8,65,0,11.9,14
W0718,2025-12-18,Thursday,December,2025,Winter,Sunny,27.2,28.1,67,0,13.5,10
W0719,2025-12-19,Friday,December,2025,Winter,Sunny,23.4,23.8,58,0,14.8,11
W0720,2025-12-20,Saturday,December,2025,Winter,Sunny,26.7,26.8,51,0,14.1,13
W0721,2025-12-21,Sunday,December,2025,Winter,Cloudy,25.8,26.8,69,0,11,14
W0722,2025-12-22,Monday,December,2025,Winter,Cloudy,26.5,26.6,51,0,9.8,10
W0723,2025-12-23,Tuesday,December,2025,Winter,Sunny,28.7,29.6,68,0,10.6,14
W0724,2025-12-24,Wednesday,December,2025,Winter,Sunny,22.5,22.6,53,0,10.8,8
W0725,2025-12-25,Thursday,December,2025,Winter,Sunny,24.2,24.1,49,0,10.8,6
W0726,2025-12-26,Friday,December,2025,Winter,Sunny,20.5,21.2,65,0,12.5,10
W0727,2025-12-27,Saturday,December,2025,Winter,Sunny,23.2,24.2,70,0,12.6,11
W0728,2025-12-28,Sunday,December,2025,Winter,Sunny,27.1,27.1,50,0,12.7,12
W0729,2025-12-29,Monday,December,2025,Winter,Sunny,23.1,23.2,51,0,11.7,11
W0730,2025-12-30,Tuesday,December,2025,Winter,Sunny,28.6,29.3,64,0,12.4,14
W0731,2025-12-31,Wednesday,December,2025,Winter,Sunny,26.8,27.6,65,0,10.6,6
